keep,place_id,name,establishment_type,rating,review_count,price_level,primary_type,areas,address,maps_url
"1","ChIJ43PT27Z9MEAR_qvrceJ9Q4w","Firuze restaurant","restaurant","4.5","9296","","Azerbaijani restaurant","centre","14 Tarlan Aliyarbeyov St, Baku 1005, Azerbaijan","https://www.google.com/maps/search/?api=1&query=Firuze%20restaurant&query_place_id=ChIJ43PT27Z9MEAR_qvrceJ9Q4w"
"1","ChIJiyD90LZ9MEARjLeu0ZPZDxk","Dolma Restaurant","restaurant","4.5","5804","","Restaurant","centre","8M, Mammadamin Rasul-Zadeh, Baku 1001, Azerbaijan","https://www.google.com/maps/search/?api=1&query=Dolma%20Restaurant&query_place_id=ChIJiyD90LZ9MEARjLeu0ZPZDxk"
"1","ChIJCd5BK7F9MEARODQ77DkYh_Q","Nərgiz Restoran","restaurant","4.7","5723","","Azerbaijani restaurant","centre","Fountain Square, 9 Tərlan Əliyarbəyov, Bakı 1000, Azerbaijan","https://www.google.com/maps/search/?api=1&query=N%C9%99rgiz%20Restoran&query_place_id=ChIJCd5BK7F9MEARODQ77DkYh_Q"
"1","ChIJk9Z6kql9MEARfYoUjYh-roI","Anadolu Restaurant","restaurant","4.7","5382","","Turkish restaurant","centre","5 Alexander Pushkin, Baku 1010, Azerbaijan","https://www.google.com/maps/search/?api=1&query=Anadolu%20Restaurant&query_place_id=ChIJk9Z6kql9MEARfYoUjYh-roI"
"1","ChIJkSG0DbF9MEARyJ41KVfvT08","MALACANNES - Shisha Lounge","lounge_hookah","4.9","4746","","Hookah bar","centre","Avtomobil dayanacağı - Molokan bağı, 11 Rasul Rza, Bakı 1005, Azerbaijan","https://www.google.com/maps/search/?api=1&query=MALACANNES%20-%20Shisha%20Lounge&query_place_id=ChIJkSG0DbF9MEARyJ41KVfvT08"
"1","ChIJV4LrFDl9MEARapfh5dnoM-I","Xəngəlation Gürcü Xəngəli Restoranı","restaurant","4.9","4576","","Restaurant","centre","Istiglaliyyat St, Baku 1001, Azerbaijan","https://www.google.com/maps/search/?api=1&query=X%C9%99ng%C9%99lation%20G%C3%BCrc%C3%BC%20X%C9%99ng%C9%99li%20Restoran%C4%B1&query_place_id=ChIJV4LrFDl9MEARapfh5dnoM-I"
"1","ChIJVcX4RqZ9MEAR8_D6yKMvGYQ","Maharani Indian Restaurant","restaurant","4.7","3961","","Indian restaurant","centre","Bədəlbəyli, 100 A Shamsi Badalbeyli St, Baku 1000, Azerbaijan","https://www.google.com/maps/search/?api=1&query=Maharani%20Indian%20Restaurant&query_place_id=ChIJVcX4RqZ9MEAR8_D6yKMvGYQ"
"1","ChIJd7NLa7d9MEAR_WmwMqRcLNA","Sharg restaurant","restaurant","4.8","3248","","Restaurant","centre","15 Karabagh Street, Baku 1008, Azerbaijan","https://www.google.com/maps/search/?api=1&query=Sharg%20restaurant&query_place_id=ChIJd7NLa7d9MEAR_WmwMqRcLNA"
"1","ChIJHwwaYdB9MEAROApr1tpHl6Y","Caravan Baku","lounge_hookah","4.8","3209","","Hookah bar","centre","79 Nizami St, Baku 1000, Azerbaijan","https://www.google.com/maps/search/?api=1&query=Caravan%20Baku&query_place_id=ChIJHwwaYdB9MEAROApr1tpHl6Y"
"1","ChIJ90o4XrZ9MEARO9C-iT1hxQY","Qala Divari","restaurant","4.8","2953","","Restaurant","centre","124 Kichik Qala, Bakı 1001, Azerbaijan","https://www.google.com/maps/search/?api=1&query=Qala%20Divari&query_place_id=ChIJ90o4XrZ9MEARO9C-iT1hxQY"
"1","ChIJNUnbYLB9MEARXZtBv210hQk","Central Baku","restaurant","4.5","2887","","Restaurant","centre","75 Nizami St, Baku 1005, Azerbaijan","https://www.google.com/maps/search/?api=1&query=Central%20Baku&query_place_id=ChIJNUnbYLB9MEARXZtBv210hQk"
"1","ChIJ31hcBx98MEAR2RRtT33KGuc","Mangal Steak House","restaurant","4.3","2885","","Steak house","centre","5 Aydin Nasirov, Bakı, Azerbaijan","https://www.google.com/maps/search/?api=1&query=Mangal%20Steak%20House&query_place_id=ChIJ31hcBx98MEAR2RRtT33KGuc"
"1","ChIJFco-t7B9MEAR5ERLMvAz4qU","Fisincan Cafe & Restaurant","quick_bites","4.7","2872","","Azerbaijani restaurant","centre","1 Mirza Ibrahimov St, Baku 1005, Azerbaijan","https://www.google.com/maps/search/?api=1&query=Fisincan%20Cafe%20%26%20Restaurant&query_place_id=ChIJFco-t7B9MEAR5ERLMvAz4qU"
"1","ChIJz9MQl7V9MEARAhrdJfoYW0s","Tea Garden 145","restaurant","4.5","2724","","Restaurant","centre","3 Kichik Qala, Bakı 1000, Azerbaijan","https://www.google.com/maps/search/?api=1&query=Tea%20Garden%20145&query_place_id=ChIJz9MQl7V9MEARAhrdJfoYW0s"
"1","ChIJXUWgLwB9MEAREf6zHrakg0o","Burger Baku By Hollywood","restaurant","4.8","2241","","American restaurant","centre","62 Nizami St, Baku 1000, Azerbaijan","https://www.google.com/maps/search/?api=1&query=Burger%20Baku%20By%20Hollywood&query_place_id=ChIJXUWgLwB9MEAREf6zHrakg0o"
"1","ChIJC97re9V9MEARXqLoCCoJJPo","Salam Baku Restaurant","restaurant","4.6","2148","","Restaurant","centre","Unvan, 126 Kichik Qala, Baku, Azerbaijan","https://www.google.com/maps/search/?api=1&query=Salam%20Baku%20Restaurant&query_place_id=ChIJC97re9V9MEARXqLoCCoJJPo"
"1","ChIJcRlv6wl9MEAR2laL7L3uhWs","Manzara Restaurant","restaurant","4.4","2104","","Restaurant","centre","Dağüstü Park, Lermontov, Baku 1000, Azerbaijan","https://www.google.com/maps/search/?api=1&query=Manzara%20Restaurant&query_place_id=ChIJcRlv6wl9MEAR2laL7L3uhWs"
"1","ChIJveYZR5V9MEAR7dd2nvsRSc4","Marani Restaurant","restaurant","4.9","2028","","Georgian restaurant","centre","26 Üzeyir Hacıbəyli, Bakı, Azerbaijan","https://www.google.com/maps/search/?api=1&query=Marani%20Restaurant&query_place_id=ChIJveYZR5V9MEAR7dd2nvsRSc4"
"1","ChIJgeX9Ag99MEARf243F8SpmYY","Desidine restaurant","restaurant","4.8","1881","","Indian restaurant","centre","40 Yusif Mammadaliyev St, Baku 1005, Azerbaijan","https://www.google.com/maps/search/?api=1&query=Desidine%20restaurant&query_place_id=ChIJgeX9Ag99MEARf243F8SpmYY"
"1","ChIJpztZSwd9MEARiy--IgQaIP8","The Royal Bistro by Mr and Mrs Desi Eatery","restaurant","4.7","1869","","Indian restaurant","centre","opp kolarit cafe, 60 Nizami St, Bakı 1005, Azerbaijan","https://www.google.com/maps/search/?api=1&query=The%20Royal%20Bistro%20by%20Mr%20and%20Mrs%20Desi%20Eatery&query_place_id=ChIJpztZSwd9MEARiy--IgQaIP8"
"1","ChIJ4bp01wF9MEARBoL-S0BsJPw","Terrace 145","restaurant","4.8","1797","","Restaurant","centre","küç., 20 Boyuk Qala, Bakı, Azerbaijan","https://www.google.com/maps/search/?api=1&query=Terrace%20145&query_place_id=ChIJ4bp01wF9MEARBoL-S0BsJPw"
"1","ChIJ9XjFMbd9MEAREJjAhsmjq50","Araz Terrace","restaurant","4.8","1660","","Azerbaijani restaurant","centre","1 İslam safarli, Baku, Azerbaijan","https://www.google.com/maps/search/?api=1&query=Araz%20Terrace&query_place_id=ChIJ9XjFMbd9MEAREJjAhsmjq50"
"1","ChIJ41BoIKZ9MEARkOE15SRLB2U","bonbon patisserie","dessert_bakery","4.7","1531","","Dessert restaurant","centre","5 Baku M. Ə. Rəsulzadə, Baku 1000, Azerbaijan","https://www.google.com/maps/search/?api=1&query=bonbon%20patisserie&query_place_id=ChIJ41BoIKZ9MEARkOE15SRLB2U"
"1","ChIJv_87cOB9MEARFxzKegyjDcU","Megobari Restaurant","restaurant","4.9","1422","","Georgian restaurant","centre","19/13 Khagani Street, Baku 1005, Azerbaijan","https://www.google.com/maps/search/?api=1&query=Megobari%20Restaurant&query_place_id=ChIJv_87cOB9MEARFxzKegyjDcU"
"1","ChIJ6RXR9rB9MEARa8iQN4N7P4w","Passage 145","restaurant","4.5","1385","","Restaurant","centre","Fountains Square, B37 Nigar Rəfibəyli, Bakı 1005, Azerbaijan","https://www.google.com/maps/search/?api=1&query=Passage%20145&query_place_id=ChIJ6RXR9rB9MEARa8iQN4N7P4w"
"1","ChIJR0DoEhV9MEARaFluCqwIxQE","Günaydın | Xətai","restaurant","4.3","1362","","Turkish restaurant","centre","51 Khatai Ave, Baku, Azerbaijan","https://www.google.com/maps/search/?api=1&query=G%C3%BCnayd%C4%B1n%20%7C%20X%C9%99tai&query_place_id=ChIJR0DoEhV9MEARaFluCqwIxQE"
"1","ChIJ_WgKuhh9MEARJWucGtFzBP4","Restaurant Shah","restaurant","4.7","1281","","Restaurant","centre","25A Nəcəfqulu Rəfiyev küçəsi, Bakı, Azerbaijan","https://www.google.com/maps/search/?api=1&query=Restaurant%20Shah&query_place_id=ChIJ_WgKuhh9MEARJWucGtFzBP4"
"1","ChIJbc3SdRt9MEARazp6buq3Csg","Sumakh","restaurant","4.5","1199","","Azerbaijani restaurant","centre","20, 22 Xocalı prospekti, Bakı, Azerbaijan","https://www.google.com/maps/search/?api=1&query=Sumakh&query_place_id=ChIJbc3SdRt9MEARazp6buq3Csg"
"1","ChIJlZ4CfQ59MEARbkdO9vZyRYk","Maaya Indian Restaurant","restaurant","4.7","1170","","Indian restaurant","centre","54 Neftchilar Ave, Baku 1095, Azerbaijan","https://www.google.com/maps/search/?api=1&query=Maaya%20Indian%20Restaurant&query_place_id=ChIJlZ4CfQ59MEARbkdO9vZyRYk"
"1","ChIJo8eR_R59MEAR-7FJ1qYv0R0","Flavors Fusion Cuisine Indian Restaurant","restaurant","4.7","1163","","Indian restaurant","centre","103 Inshaatchilar avenue, Baku, Azerbaijan","https://www.google.com/maps/search/?api=1&query=Flavors%20Fusion%20Cuisine%20Indian%20Restaurant&query_place_id=ChIJo8eR_R59MEAR-7FJ1qYv0R0"
"1","ChIJf4RRHgB9MEARgHgaeKBtmQM","Baqur Restaurant & Bazaar","restaurant","4.9","1148","","Restaurant","centre","23 Asef Zeynally St, Baku, Azerbaijan","https://www.google.com/maps/search/?api=1&query=Baqur%20Restaurant%20%26%20Bazaar&query_place_id=ChIJf4RRHgB9MEARgHgaeKBtmQM"
"1","ChIJe2xXXbF9MEARqIjL7PVtHWk","United Coffee Beans","cafe_coffee","4.6","1091","","Coffee shop","centre","6 Yusif Mammadaliyev St, Baku 1000, Azerbaijan","https://www.google.com/maps/search/?api=1&query=United%20Coffee%20Beans&query_place_id=ChIJe2xXXbF9MEARqIjL7PVtHWk"
"1","ChIJnQ6rZ7J9MEARxpGbh7JcYI0","SAHiL Bar & Restaurant","bar_pub","4.6","1055","","Restaurant","centre","Seaside Boulevard, 34 Neftçilər Prospekti, Bakı 1010, Azerbaijan","https://www.google.com/maps/search/?api=1&query=SAHiL%20Bar%20%26%20Restaurant&query_place_id=ChIJnQ6rZ7J9MEARxpGbh7JcYI0"
"1","ChIJuxXmZgB9MEARJSYSEQ0wmnI","İrish Pub By Hollywood","bar_pub","4.8","1054","","Restaurant","centre","62 Nizami St, Baku 1001, Azerbaijan","https://www.google.com/maps/search/?api=1&query=%C4%B0rish%20Pub%20By%20Hollywood&query_place_id=ChIJuxXmZgB9MEARJSYSEQ0wmnI"
"1","ChIJhddUoLF9MEARC1YDVpW6zuI","Vapiano Baku","restaurant","4.1","1045","","Italian restaurant","centre","6 Üzeyir Hacıbəyov, Bakı 1000, Azerbaijan","https://www.google.com/maps/search/?api=1&query=Vapiano%20Baku&query_place_id=ChIJhddUoLF9MEARC1YDVpW6zuI"
"1","ChIJGVbrBI59MEARLf3E7LnDI_A","Chayki restaurant","restaurant","4.4","1016","","Restaurant","centre","Baku, Azerbaijan","https://www.google.com/maps/search/?api=1&query=Chayki%20restaurant&query_place_id=ChIJGVbrBI59MEARLf3E7LnDI_A"
"1","ChIJ5XAhJwB9MEAR_Bbe_-40Rn8","Dolce Far Niente (Crescent Mall)","restaurant","4.7","950","","Italian restaurant","centre","153 Neftchilar Ave, Baku, Azerbaijan","https://www.google.com/maps/search/?api=1&query=Dolce%20Far%20Niente%20(Crescent%20Mall)&query_place_id=ChIJ5XAhJwB9MEAR_Bbe_-40Rn8"
"1","ChIJyY0TveiJMEARoKfo-Wf_gtA","Govurma restaurant","restaurant","4.8","925","","Family restaurant","centre","FW5C+VWQ, Mirzə Ələkbər Sabir, Bakı, Azerbaijan","https://www.google.com/maps/search/?api=1&query=Govurma%20restaurant&query_place_id=ChIJyY0TveiJMEARoKfo-Wf_gtA"
"1","ChIJhR5INpk4eYQRnnxQDeR7eE0","Matbakh Restaurant","restaurant","4.7","881","","Restaurant","centre","11 Alexander Pushkin, Baku 1000, Azerbaijan","https://www.google.com/maps/search/?api=1&query=Matbakh%20Restaurant&query_place_id=ChIJhR5INpk4eYQRnnxQDeR7eE0"
"1","ChIJIflE9Mp9MEARRZY1vzufXKU","Merci Baku","restaurant","4.6","854","","Restaurant","centre","Asaf Zeynalli,16, AZ1000 Baku, Azerbaijan, Kichik Qala, Bakı 1000, Azerbaijan","https://www.google.com/maps/search/?api=1&query=Merci%20Baku&query_place_id=ChIJIflE9Mp9MEARRZY1vzufXKU"
"1","ChIJ7XQbzbV9MEARMXrYRLkm5Lc","Restaurant Old Garden","restaurant","4.6","833","","Restaurant","centre","Baku, Azerbaijan","https://www.google.com/maps/search/?api=1&query=Restaurant%20Old%20Garden&query_place_id=ChIJ7XQbzbV9MEARMXrYRLkm5Lc"
"1","ChIJvSVwOKx9MEARKW3k2CeNOVA","360 Bar, Hilton Baku","bar_pub","4.5","813","","Bar","centre","25th floor of Hilton, Baku, Azerbaijan","https://www.google.com/maps/search/?api=1&query=360%20Bar%2C%20Hilton%20Baku&query_place_id=ChIJvSVwOKx9MEARKW3k2CeNOVA"
"1","ChIJIWD4gH19MEARnRX962Z9aVk","Indian Curry Corner Restaurant(since 2012)","restaurant","4.8","795","","Restaurant","centre","23 Nigar Rafibayli, Baku, Azerbaijan","https://www.google.com/maps/search/?api=1&query=Indian%20Curry%20Corner%20Restaurant(since%202012)&query_place_id=ChIJIWD4gH19MEARnRX962Z9aVk"
"1","ChIJ0Z22YaJ9MEARiXHgIv3TpQE","Masala Junction","restaurant","4.5","793","","Indian restaurant","centre","6 Abdulkarim Ali-Zadeh St, Baku 1001, Azerbaijan","https://www.google.com/maps/search/?api=1&query=Masala%20Junction&query_place_id=ChIJ0Z22YaJ9MEARiXHgIv3TpQE"
"1","ChIJT-wax699MEARd5H4yw9CTNM","Prive Steak Gallery Baku","restaurant","4.2","786","","Restaurant","centre","14/a Khagani Street, Baku, Azerbaijan","https://www.google.com/maps/search/?api=1&query=Prive%20Steak%20Gallery%20Baku&query_place_id=ChIJT-wax699MEARd5H4yw9CTNM"
"1","ChIJG3pXgbV9MEARWKdGL7DUOFc","Han Restaurant Baku","restaurant","4.2","760","","Restaurant","centre","Icheri Sheher, 22 Asef Zeynally St, Baku 1095, Azerbaijan","https://www.google.com/maps/search/?api=1&query=Han%20Restaurant%20Baku&query_place_id=ChIJG3pXgbV9MEARWKdGL7DUOFc"
"1","ChIJlzwd7puHMEARzEzzBntmvKw","Başkent Restoran & Şirniyyat","restaurant","4.7","687","","Restaurant","centre","3005 ci məhəllə, Cavad Xan, Bakı 1111, Azerbaijan","https://www.google.com/maps/search/?api=1&query=Ba%C5%9Fkent%20Restoran%20%26%20%C5%9Eirniyyat&query_place_id=ChIJlzwd7puHMEARzEzzBntmvKw"
"1","ChIJx5hiLwB9MEARH9esKuTcC7o","Khan Museum Restaurant By Hollywood","restaurant","4.9","646","","Restaurant","centre","62a Nizami St, Baku 1000, Azerbaijan","https://www.google.com/maps/search/?api=1&query=Khan%20Museum%20Restaurant%20By%20Hollywood&query_place_id=ChIJx5hiLwB9MEARH9esKuTcC7o"
"1","ChIJV1-PwNh4MEARSmkljl6avWM","Nar & Şərab","restaurant","4.1","616","","Restaurant","centre","Namiq Quliyev, Baku, Azerbaijan","https://www.google.com/maps/search/?api=1&query=Nar%20%26%20%C5%9E%C9%99rab&query_place_id=ChIJV1-PwNh4MEARSmkljl6avWM"
"1","ChIJKSYJ0yV8MEARh7A8mKiAbvg","Riviera Restaurant","restaurant","4","609","","Restaurant","centre","9R2M+2XF, Baku, Azerbaijan","https://www.google.com/maps/search/?api=1&query=Riviera%20Restaurant&query_place_id=ChIJKSYJ0yV8MEARh7A8mKiAbvg"
"1","ChIJ_324W9h9MEAR97VjKc8hti0","Günaydın | Bulvar","restaurant","4.3","591","","Restaurant","centre","Bayraq Meydanının yanı, küçəsi 4 Aqil Quliyev, Baku 1003, Azerbaijan","https://www.google.com/maps/search/?api=1&query=G%C3%BCnayd%C4%B1n%20%7C%20Bulvar&query_place_id=ChIJ_324W9h9MEAR97VjKc8hti0"
"1","ChIJ18nInjt9MEAR0ZXCUbwRJrM","Samrat Indian Restaurant & Bar","bar_pub","4.8","580","","Indian restaurant","centre","76E XAQANI STREET, Baku 1010, Azerbaijan","https://www.google.com/maps/search/?api=1&query=Samrat%20Indian%20Restaurant%20%26%20Bar&query_place_id=ChIJ18nInjt9MEAR0ZXCUbwRJrM"
"1","ChIJh72KOrd9MEARIh3F5Ve47Eo","Meating Point","restaurant","4.6","552","","Restaurant","centre","20 Nigar Rafibeyli, Baku 1005, Azerbaijan","https://www.google.com/maps/search/?api=1&query=Meating%20Point&query_place_id=ChIJh72KOrd9MEARIh3F5Ve47Eo"
"1","ChIJh7PpZAB9MEARmdR-I2vwGeg","HuQQabaz Garden Baku","restaurant","4.9","477","","Family restaurant","centre","20 Nigar Rafibeyli, Baku 1005, Azerbaijan","https://www.google.com/maps/search/?api=1&query=HuQQabaz%20Garden%20Baku&query_place_id=ChIJh7PpZAB9MEARmdR-I2vwGeg"
"1","ChIJM0wmIkV9MEAR4E3lSHViPak","Köşebaşı Bakü Gənclik","restaurant","4.5","470","","Turkish restaurant","centre","15/A Həsənoğlu, Bakı 1025, Azerbaijan","https://www.google.com/maps/search/?api=1&query=K%C3%B6%C5%9Feba%C5%9F%C4%B1%20Bak%C3%BC%20G%C9%99nclik&query_place_id=ChIJM0wmIkV9MEAR4E3lSHViPak"
"1","ChIJ_aYItdZYMEAR2A5iCkMPZlE","Dukkan Organic Restaurant","restaurant","4.4","452","","Restaurant","centre|Mardakan, Azerbaijan","Şüvəlan yolu, Mardakan 1044, Azerbaijan","https://www.google.com/maps/search/?api=1&query=Dukkan%20Organic%20Restaurant&query_place_id=ChIJ_aYItdZYMEAR2A5iCkMPZlE"
"1","ChIJTXI7mzh9MEARGl7pWmq9w9A","Namaste Indian Restaurant","restaurant","4.5","445","","Indian restaurant","centre","Şəmsi Bədəlbəyli 86, Bakı 1005, Azerbaijan","https://www.google.com/maps/search/?api=1&query=Namaste%20Indian%20Restaurant&query_place_id=ChIJTXI7mzh9MEARGl7pWmq9w9A"
"1","ChIJafHAnrd9MEARMEHKqBdfkTs","Paul's Baku Steakhouse","restaurant","4.5","444","","Steak house","centre","10 Nigar Rafibeyli, Baku 1001, Azerbaijan","https://www.google.com/maps/search/?api=1&query=Paul's%20Baku%20Steakhouse&query_place_id=ChIJafHAnrd9MEARMEHKqBdfkTs"
"1","ChIJs8JffAB9MEARwuB9bizBBvQ","Fillet House","quick_bites","4.6","437","","Steak house","centre","145 Neftchilar Ave, Baku, Azerbaijan","https://www.google.com/maps/search/?api=1&query=Fillet%20House&query_place_id=ChIJs8JffAB9MEARwuB9bizBBvQ"
"1","ChIJabAZQvVnMEARMaBMkyUUMj0","Kaşıbeyaz Baku","restaurant","4.9","430","","Turkish restaurant","centre","Zigh-Airport Hwy, Baku 1045, Azerbaijan","https://www.google.com/maps/search/?api=1&query=Ka%C5%9F%C4%B1beyaz%20Baku&query_place_id=ChIJabAZQvVnMEARMaBMkyUUMj0"
"1","ChIJETc5tQB9MEAReLeIHnnyXWk","PremJi Indian Restaurant","restaurant","4.6","429","","Indian restaurant","centre","38b Yusif Mammadaliyev St, Baku 1005, Azerbaijan","https://www.google.com/maps/search/?api=1&query=PremJi%20Indian%20Restaurant&query_place_id=ChIJETc5tQB9MEAReLeIHnnyXWk"
"1","ChIJ47qr96V9MEARvwWSe-DBBF4","Chio-Chio-San","restaurant","4.3","429","","Asian restaurant","centre","10A Suleyman Ələsgərov, Baku 1000, Azerbaijan","https://www.google.com/maps/search/?api=1&query=Chio-Chio-San&query_place_id=ChIJ47qr96V9MEARvwWSe-DBBF4"
"1","ChIJUVCPq7CJMEARDrQTrZgxkkc","Oxlov restaurant","restaurant","4.4","421","","Restaurant","centre","FW59+XMQ, Səfəvilər küçəsi, Bakı, Azerbaijan","https://www.google.com/maps/search/?api=1&query=Oxlov%20restaurant&query_place_id=ChIJUVCPq7CJMEARDrQTrZgxkkc"
"1","ChIJ725S5ad9MEARTAAEDnzNOaA","KURBAN SAID Restaurant","restaurant","4.6","418","","Restaurant","centre","Old City 82, Qesr, Baku 1000, Azerbaijan","https://www.google.com/maps/search/?api=1&query=KURBAN%20SAID%20Restaurant&query_place_id=ChIJ725S5ad9MEARTAAEDnzNOaA"
"1","ChIJBy6Fog-HMEARSe8Ujwr3ijY","Ruin 3 By Hollywood","quick_bites","5","415","","Seafood restaurant","centre","57 Khagani Street, Baku 1000, Azerbaijan","https://www.google.com/maps/search/?api=1&query=Ruin%203%20By%20Hollywood&query_place_id=ChIJBy6Fog-HMEARSe8Ujwr3ijY"
"1","ChIJLSmT5Rl9MEARQlM95WIa6po","Green Garden 145","restaurant","4.7","412","","Restaurant","centre","9VM9+WQC, Fezail Bayramov kuc. 1130/33, Bakı, Azerbaijan","https://www.google.com/maps/search/?api=1&query=Green%20Garden%20145&query_place_id=ChIJLSmT5Rl9MEARQlM95WIa6po"
"1","ChIJW6nE03t9MEARCWk1HZZ-GBo","Hot Pot Cin Restaurant","restaurant","4.7","410","","Asian restaurant","centre","Tarlan Aliyarbeyov St, Baku 1005, Azerbaijan","https://www.google.com/maps/search/?api=1&query=Hot%20Pot%20Cin%20Restaurant&query_place_id=ChIJW6nE03t9MEARCWk1HZZ-GBo"
"1","ChIJXVQ9sI19MEARMlvmZTmvtK0","Myata Platinum","lounge_hookah","4.7","400","","Hookah bar","centre","Nigar Rəfibəyli küçəsi, 43D, Bakı, Azerbaijan","https://www.google.com/maps/search/?api=1&query=Myata%20Platinum&query_place_id=ChIJXVQ9sI19MEARMlvmZTmvtK0"
"1","ChIJf8BEIzZ9MEARwOWrheIQyqo","Bombay Biryani House","restaurant","4.6","394","","Indian restaurant","centre","22 Rasul Rza, Baku, Azerbaijan","https://www.google.com/maps/search/?api=1&query=Bombay%20Biryani%20House&query_place_id=ChIJf8BEIzZ9MEARwOWrheIQyqo"
"1","ChIJ5S6ouf19MEARCiSy38AUyP8","Evolution Baku","restaurant","4.8","379","","Restaurant","centre","101h Əliəşrəf Əlizadə, Bakı 1052, Azerbaijan","https://www.google.com/maps/search/?api=1&query=Evolution%20Baku&query_place_id=ChIJ5S6ouf19MEARCiSy38AUyP8"
"1","ChIJh_LGZuV9MEARnrW9ORBGAXg","Best Place Baku Restaurant & Jazz Club","restaurant","4.1","371","","Fine dining restaurant","centre","39 Boyuk Qala, Bakı, Azerbaijan","https://www.google.com/maps/search/?api=1&query=Best%20Place%20Baku%20Restaurant%20%26%20Jazz%20Club&query_place_id=ChIJh_LGZuV9MEARnrW9ORBGAXg"
"1","ChIJHWAMB119MEAR8kOD1n4aOkI","RoofTop lounge","lounge_hookah","4.1","364","","Restaurant","centre","13b Neftchilar Ave, Baku 1001, Azerbaijan","https://www.google.com/maps/search/?api=1&query=RoofTop%20lounge&query_place_id=ChIJHWAMB119MEAR8kOD1n4aOkI"
"1","ChIJ_49pMp59MEARYjmQMa9lta4","Niaqara","restaurant","4.3","356","","Restaurant","centre","934a Samad Vurgun, Baku, Azerbaijan","https://www.google.com/maps/search/?api=1&query=Niaqara&query_place_id=ChIJ_49pMp59MEARYjmQMa9lta4"
"1","ChIJWXfpYvp9MEARfkfj8wDmEGU","QədimDad","restaurant","4.9","355","","Azerbaijani restaurant","centre","Qala qapısına yaxın, Kiçik qala küçəsi, Baku 1001, Azerbaijan","https://www.google.com/maps/search/?api=1&query=Q%C9%99dimDad&query_place_id=ChIJWXfpYvp9MEARfkfj8wDmEGU"
"1","ChIJfavJ6_19MEARc2el5Jcb8Ww","Puri Georgian Food&Beverage","dessert_bakery","4.9","353","","Food producer","centre","küçəsi, 10 b Mahammad Nakhchivani St, Baku 1065, Azerbaijan","https://www.google.com/maps/search/?api=1&query=Puri%20Georgian%20Food%26Beverage&query_place_id=ChIJfavJ6_19MEARc2el5Jcb8Ww"
"1","ChIJIdYl9K99MEARDP3y1IFE3oE","Boho Tea and Wine Room","restaurant","4.7","348","","Restaurant","centre","Hazi Aslanov St, Baku 1005, Azerbaijan","https://www.google.com/maps/search/?api=1&query=Boho%20Tea%20and%20Wine%20Room&query_place_id=ChIJIdYl9K99MEARDP3y1IFE3oE"
"1","ChIJR7ijAwF9MEARBaF6T53wgSY","Paul Bakery","dessert_bakery","4.3","341","","Bakery","centre","9VG6+98H, Baku, Azerbaijan","https://www.google.com/maps/search/?api=1&query=Paul%20Bakery&query_place_id=ChIJR7ijAwF9MEARBaF6T53wgSY"
"1","ChIJCzUhCM59MEAR80mfCZG4zwA","White City Restaurant & Bar","bar_pub","4.6","337","","Restaurant","centre","Marriott Hotel Boulevard, 4C Khagani Rustamov St, Baku 1010, Azerbaijan","https://www.google.com/maps/search/?api=1&query=White%20City%20Restaurant%20%26%20Bar&query_place_id=ChIJCzUhCM59MEAR80mfCZG4zwA"
"1","ChIJG1za6SJ9MEARibcq-De9SU4","Trattoria L'Oliva","restaurant","4.6","335","","Restaurant","centre","18b Zeynalabdin Taghiyev Street, Bakı 1005, Azerbaijan","https://www.google.com/maps/search/?api=1&query=Trattoria%20L'Oliva&query_place_id=ChIJG1za6SJ9MEARibcq-De9SU4"
"1","ChIJi_XaFpt9MEARXduyjSrOBms","Scalini Italian Restaurant","restaurant","4.4","328","","Italian restaurant","centre","6 Bakıxanov Küçəsi, Bakı 1065, Azerbaijan","https://www.google.com/maps/search/?api=1&query=Scalini%20Italian%20Restaurant&query_place_id=ChIJi_XaFpt9MEARXduyjSrOBms"
"1","ChIJuSfe08R9MEARH0GM8eTQ7MI","Nar Cafe","cafe_coffee","4.7","321","","Cafe","centre","55 Seyfaddin Daghli, Baku 1141, Azerbaijan","https://www.google.com/maps/search/?api=1&query=Nar%20Cafe&query_place_id=ChIJuSfe08R9MEARH0GM8eTQ7MI"
"1","ChIJC-ob6Ot9MEARRHQMcspuTE4","Shahi Darbar Indian Restaurant","restaurant","4.2","320","","Indian restaurant","centre","22, 28 Tarlan Aliyarbeyov St, Baku 1005, Azerbaijan","https://www.google.com/maps/search/?api=1&query=Shahi%20Darbar%20Indian%20Restaurant&query_place_id=ChIJC-ob6Ot9MEARRHQMcspuTE4"
"1","ChIJN-XV8sB9MEAR4E4sdc_BxOY","SUSHI MARKET BAKU","restaurant","4.9","312","","Sushi restaurant","centre","4 Hacı Məmmədov, Bakı 1001, Azerbaijan","https://www.google.com/maps/search/?api=1&query=SUSHI%20MARKET%20BAKU&query_place_id=ChIJN-XV8sB9MEAR4E4sdc_BxOY"
"1","ChIJMT3PDvWHMEAROMAfy2l_-yg","Pizza Mizza Asan 7","restaurant","5","304","","Pizza restaurant","centre","81A Zaur Nudirəliyev, Bakı 1108, Azerbaijan","https://www.google.com/maps/search/?api=1&query=Pizza%20Mizza%20Asan%207&query_place_id=ChIJMT3PDvWHMEAROMAfy2l_-yg"
"1","ChIJG6rre719MEARVv4ZAv8HJiA","Gaumarjos GEORGIAN CUISINE Грузинский ресторан","restaurant","4.8","304","","Georgian restaurant","centre","43a Samad Vurgun, Baku, Azerbaijan","https://www.google.com/maps/search/?api=1&query=Gaumarjos%20GEORGIAN%20CUISINE%20%D0%93%D1%80%D1%83%D0%B7%D0%B8%D0%BD%D1%81%D0%BA%D0%B8%D0%B9%20%D1%80%D0%B5%D1%81%D1%82%D0%BE%D1%80%D0%B0%D0%BD&query_place_id=ChIJG6rre719MEARVv4ZAv8HJiA"
"1","ChIJl4tf27R9MEARNyMpCKT2SYk","Galateya","restaurant","4.7","299","","Restaurant","centre","9R8M+2MF, Baku 1000, Azerbaijan","https://www.google.com/maps/search/?api=1&query=Galateya&query_place_id=ChIJl4tf27R9MEARNyMpCKT2SYk"
"1","ChIJCTyRoNZ9MEAR8Sr4A0RxZYQ","42 Coffee Roasters","cafe_coffee","4.7","293","","Coffee shop","centre","41 Khagani Street, Baku 1000, Azerbaijan","https://www.google.com/maps/search/?api=1&query=42%20Coffee%20Roasters&query_place_id=ChIJCTyRoNZ9MEAR8Sr4A0RxZYQ"
"1","ChIJR6r_w7t9MEARsCW5NCsGlYo","Hanzade Restaurant","restaurant","4.5","293","","Turkish restaurant","centre","122G Samad Vurgun, Baku 1022, Azerbaijan","https://www.google.com/maps/search/?api=1&query=Hanzade%20Restaurant&query_place_id=ChIJR6r_w7t9MEARsCW5NCsGlYo"
"1","ChIJP4ic5MN9MEAR3CGd3dlBdEI","Salt’ n Pepper Restaurant","restaurant","4.9","287","","Indian restaurant","centre","Mammadaliyev street shop, 19 Yusif Mammadaliyev St, Baku 1000, Azerbaijan","https://www.google.com/maps/search/?api=1&query=Salt%E2%80%99%20n%20Pepper%20Restaurant&query_place_id=ChIJP4ic5MN9MEAR3CGd3dlBdEI"
"1","ChIJkSsrGyt9MEAR6CYIyH5oa2U","Art Club Restaurant","restaurant","4.7","276","","Restaurant","centre","Icherisheher, 9 Asaf Zeynalli street, Baku 1095, Azerbaijan","https://www.google.com/maps/search/?api=1&query=Art%20Club%20Restaurant&query_place_id=ChIJkSsrGyt9MEAR6CYIyH5oa2U"
"1","ChIJXxO_zQyHMEARRV-uiNYb5no","Pera Lounge & Karaoke","lounge_hookah","4.5","274","","Restaurant","centre","7 Najaf Narimanov, Bakı, Azerbaijan","https://www.google.com/maps/search/?api=1&query=Pera%20Lounge%20%26%20Karaoke&query_place_id=ChIJXxO_zQyHMEARRV-uiNYb5no"
"1","ChIJCUPZwY59MEARlOkOYreuzAE","Kitchen Plus restoran","restaurant","4.3","266","","Restaurant","centre","Baku White City Office Building, 8 November Ave, Baku 1025, Azerbaijan","https://www.google.com/maps/search/?api=1&query=Kitchen%20Plus%20restoran&query_place_id=ChIJCUPZwY59MEARlOkOYreuzAE"
"1","ChIJrXi9U5x9MEARPhOAwCEBdn8","Perity kafe","cafe_coffee","4.7","258","","Cafe","centre","157 Lev Tolstoy, Baku 1005, Azerbaijan","https://www.google.com/maps/search/?api=1&query=Perity%20kafe&query_place_id=ChIJrXi9U5x9MEARPhOAwCEBdn8"
"1","ChIJr9r0LAB9MEAREMHZlw_g_wY","Restaurant Golden Fish","restaurant","4.8","255","","Seafood restaurant","centre","52 Nizami St, Baku 1005, Azerbaijan","https://www.google.com/maps/search/?api=1&query=Restaurant%20Golden%20Fish&query_place_id=ChIJr9r0LAB9MEAREMHZlw_g_wY"
"1","ChIJfTzafXPzMEARYOSU0VZJ3E0","Shore House Baku","restaurant","4.2","251","","Restaurant","centre","Nardaran, Azerbaijan","https://www.google.com/maps/search/?api=1&query=Shore%20House%20Baku&query_place_id=ChIJfTzafXPzMEARYOSU0VZJ3E0"
"1","ChIJbR5Svsx9MEARBrofQ-cONWo","Coffee Space Baku","cafe_coffee","4.7","246","","Coffee shop","centre","17 Hüseyn Cavid Prospekti, Bakı, Azerbaijan","https://www.google.com/maps/search/?api=1&query=Coffee%20Space%20Baku&query_place_id=ChIJbR5Svsx9MEARBrofQ-cONWo"
"1","ChIJ56WFSgN9MEAR4pIk7oPx2O0","BAKU Restaurant & Shisha Lounge","lounge_hookah","4.6","242","","Restaurant","centre","33A Istiglaliyyat St, Baku 1001, Azerbaijan","https://www.google.com/maps/search/?api=1&query=BAKU%20Restaurant%20%26%20Shisha%20Lounge&query_place_id=ChIJ56WFSgN9MEAR4pIk7oPx2O0"
"1","ChIJMc_4KsN9MEARwLoAlcHHbUs","United Coffee Beans","cafe_coffee","4.8","233","","Coffee shop","centre","32 Khojali Avenue, Baku, Azerbaijan","https://www.google.com/maps/search/?api=1&query=United%20Coffee%20Beans&query_place_id=ChIJMc_4KsN9MEARwLoAlcHHbUs"
"1","ChIJ-Uh56QZ9MEARrRBZI2gnUsA","Street Lounge Baku","lounge_hookah","4.6","228","","Lounge bar","centre","9VH5+864, Nizami St, Baku, Azerbaijan","https://www.google.com/maps/search/?api=1&query=Street%20Lounge%20Baku&query_place_id=ChIJ-Uh56QZ9MEARrRBZI2gnUsA"
"1","ChIJCQiFGYt9MEAR9oSkX-kIPpk","United Coffee Beans","cafe_coffee","4.7","225","","Coffee shop","centre","B.Britaniya səfirliyinin yaxınlığı, 26/32 Khagani Street, Baku 1000, Azerbaijan","https://www.google.com/maps/search/?api=1&query=United%20Coffee%20Beans&query_place_id=ChIJCQiFGYt9MEAR9oSkX-kIPpk"
"1","ChIJBQtnIhljMEARO90ntO8Rtto","""Su Səsi"" restoranı","restaurant","4.4","221","","Restaurant","centre","2403 Mikayil Aliyev, Baku, Azerbaijan","https://www.google.com/maps/search/?api=1&query=%22Su%20S%C9%99si%22%20restoran%C4%B1&query_place_id=ChIJBQtnIhljMEARO90ntO8Rtto"
"1","ChIJEwmyDbp9MEAR76D4plsvwYM","ETUD BAKU","bar_pub","4.3","215","","Bar","centre","16 İslam Səfərli, Bakı 1005, Azerbaijan","https://www.google.com/maps/search/?api=1&query=ETUD%20BAKU&query_place_id=ChIJEwmyDbp9MEAR76D4plsvwYM"
"1","ChIJ9_9AOgB9MEARLvsUofUus6A","Burger Yiyelim","quick_bites","4.3","211","","Fast food restaurant","centre","9 Tarlan Aliyarbeyov St, Baku 1005, Azerbaijan","https://www.google.com/maps/search/?api=1&query=Burger%20Yiyelim&query_place_id=ChIJ9_9AOgB9MEARLvsUofUus6A"
"1","ChIJ2Us9XJN9MEARz9kXZmrKlbk","Bukhari Georgian Restaurant","restaurant","4.2","207","","Georgian restaurant","centre","214 Abdullah Shaig, Baku, Azerbaijan","https://www.google.com/maps/search/?api=1&query=Bukhari%20Georgian%20Restaurant&query_place_id=ChIJ2Us9XJN9MEARz9kXZmrKlbk"
"1","ChIJHdWTqwF9MEARgmEi0XVaa60","Scalini","restaurant","4.1","203","","Italian restaurant","centre","9VG6+6J8, Baku, Azerbaijan","https://www.google.com/maps/search/?api=1&query=Scalini&query_place_id=ChIJHdWTqwF9MEARgmEi0XVaa60"
"1","ChIJcQMS8Ed9MEARB1uJN4sr1Co","Afghan Restaurant Baku","restaurant","4.9","202","","Asian restaurant","centre","5 Abdulkarim alizada, Baku 1000, Azerbaijan","https://www.google.com/maps/search/?api=1&query=Afghan%20Restaurant%20Baku&query_place_id=ChIJcQMS8Ed9MEARB1uJN4sr1Co"
"1","ChIJBwBQyrZ9MEAR1_wT7y6Rvo8","Arabica Lounge","lounge_hookah","4.6","202","","Restaurant","centre","9R9Q+W46, Baku, Azerbaijan","https://www.google.com/maps/search/?api=1&query=Arabica%20Lounge&query_place_id=ChIJBwBQyrZ9MEAR1_wT7y6Rvo8"
"1","ChIJPdXzuWhfMEARMOVwJENBzK0","Qoşa Qala Restoran","restaurant","4.1","185","","Restaurant","centre","67, Buzovna qəsəbəsi, Bağlar massivi, Baku, Azerbaijan","https://www.google.com/maps/search/?api=1&query=Qo%C5%9Fa%20Qala%20Restoran&query_place_id=ChIJPdXzuWhfMEARMOVwJENBzK0"
"1","ChIJwWyRZgB9MEAR7btLPR2kBeI","WOOGA Korean Steakhouse","restaurant","4.5","184","","Korean restaurant","centre","5 1-ci yaşıl ada, Bakı, Azerbaijan","https://www.google.com/maps/search/?api=1&query=WOOGA%20Korean%20Steakhouse&query_place_id=ChIJwWyRZgB9MEAR7btLPR2kBeI"
"1","ChIJ_2baCrx9MEARpG52sdVpYEA","Madison Baku","bar_pub","4.7","180","","Bar","centre","11 Rasul Rza, Baku 1005, Azerbaijan","https://www.google.com/maps/search/?api=1&query=Madison%20Baku&query_place_id=ChIJ_2baCrx9MEARpG52sdVpYEA"
"1","ChIJRbTbSQB9MEARRkZW49wfghg","Bitter Bar & Eatery","bar_pub","4.5","177","","Cocktail bar","centre","12a Şövkət Ələkbərova, Bakı 1001, Azerbaijan","https://www.google.com/maps/search/?api=1&query=Bitter%20Bar%20%26%20Eatery&query_place_id=ChIJRbTbSQB9MEARRkZW49wfghg"
"1","ChIJl2wZzyN9MEARgJ-TVbCu6Oo","Double Eleven Cocktail & Wine Bar","bar_pub","4.8","176","","Wine bar","centre","6C Haji Zeynalabdin Taghiyev St, Baku 1001, Azerbaijan","https://www.google.com/maps/search/?api=1&query=Double%20Eleven%20Cocktail%20%26%20Wine%20Bar&query_place_id=ChIJl2wZzyN9MEARgJ-TVbCu6Oo"
"1","ChIJ-WDhIgB9MEAR2shkLUkcB8w","Luce di Strada","restaurant","4.7","175","","Italian restaurant","centre","14 Yusif Mammadaliyev St, Baku 1005, Azerbaijan","https://www.google.com/maps/search/?api=1&query=Luce%20di%20Strada&query_place_id=ChIJ-WDhIgB9MEAR2shkLUkcB8w"
"1","ChIJWXIIl9x9MEARnYrIgp6SWIs","Jasmine Port Baku","restaurant","4","173","","Asian restaurant","centre","153 Neftchilar Ave, Baku 1000, Azerbaijan","https://www.google.com/maps/search/?api=1&query=Jasmine%20Port%20Baku&query_place_id=ChIJWXIIl9x9MEARnYrIgp6SWIs"
"1","ChIJP-XxTwB9MEARjxXxebJojYk","Chiki Yaki","restaurant","4.6","161","","Asian restaurant","centre","Nasimi district, Sahib Zeynalov St, 23A entrance, Baku, Azerbaijan","https://www.google.com/maps/search/?api=1&query=Chiki%20Yaki&query_place_id=ChIJP-XxTwB9MEARjxXxebJojYk"
"1","ChIJXc_Hse19MEARq_9bDn0NZz8","EL Piano Baku Restaurant","restaurant","4.2","161","","Restaurant","centre","str. 27 Nazim Hikmat, Baku 1100, Azerbaijan","https://www.google.com/maps/search/?api=1&query=EL%20Piano%20Baku%20Restaurant&query_place_id=ChIJXc_Hse19MEARq_9bDn0NZz8"
"1","ChIJIQHp1cB9MEAR4CdHZss0qTg","MYST Lounge by Mr. Smoke","lounge_hookah","4.7","156","","Hookah bar","centre","2 Yusif Mammadaliyev St, Baku 1005, Azerbaijan","https://www.google.com/maps/search/?api=1&query=MYST%20Lounge%20by%20Mr.%20Smoke&query_place_id=ChIJIQHp1cB9MEAR4CdHZss0qTg"
"1","ChIJ2aG3UD_xMEARvLQc8FuOo4s","Villa Turkish Cuisine","restaurant","4.4","148","","Turkish restaurant","centre","Amburan Mall, Bilgah, Azerbaijan","https://www.google.com/maps/search/?api=1&query=Villa%20Turkish%20Cuisine&query_place_id=ChIJ2aG3UD_xMEARvLQc8FuOo4s"
"1","ChIJKVRZMUb1MEARMdKhnxCI7W8","Mangal Steak House Zugulba","restaurant","4.4","146","","Restaurant","centre","Güloğlan Məmmədov, Azerbaijan","https://www.google.com/maps/search/?api=1&query=Mangal%20Steak%20House%20Zugulba&query_place_id=ChIJKVRZMUb1MEARMdKhnxCI7W8"
"1","ChIJj6f0JLN9MEARoP2i3e2_9J8","Mangalia Food Baku","restaurant","4.6","143","","Restaurant","centre","57A Azerbaijan Ave, Baku 1009, Azerbaijan","https://www.google.com/maps/search/?api=1&query=Mangalia%20Food%20Baku&query_place_id=ChIJj6f0JLN9MEARoP2i3e2_9J8"
"1","ChIJaSxcSsJ9MEARYOa3_-YAYp4","Hill Restaurant","restaurant","4.3","140","","Restaurant","centre","108a, 1073 Abbasgulu Abbaszadeh, Baku 1073, Azerbaijan","https://www.google.com/maps/search/?api=1&query=Hill%20Restaurant&query_place_id=ChIJaSxcSsJ9MEARYOa3_-YAYp4"
"1","ChIJKc-Di5x9MEAR4HOKOo-gVUQ","Jasmine Restaurant","restaurant","4.4","133","","Restaurant","centre","6 Bakıxanov Küçəsi, Bakı 1022, Azerbaijan","https://www.google.com/maps/search/?api=1&query=Jasmine%20Restaurant&query_place_id=ChIJKc-Di5x9MEAR4HOKOo-gVUQ"
"1","ChIJ69oEkWOJMEARm91VhZaO65Y","Hacıbey Restoranı","restaurant","4.4","127","","Restaurant","centre","Biləcəri Bakı, Azərbaycan 40, 49.809129 448205, BAKI 1117, Azerbaijan","https://www.google.com/maps/search/?api=1&query=Hac%C4%B1bey%20Restoran%C4%B1&query_place_id=ChIJ69oEkWOJMEARm91VhZaO65Y"
"1","ChIJdyfhv7Z9MEAR3Bu8PZj3eDA","Berlin dönər","restaurant","4.3","127","","Restaurant","centre","Azerbaijan, 63 Nizami Gəncəvi, Baku, Azerbaijan","https://www.google.com/maps/search/?api=1&query=Berlin%20d%C3%B6n%C9%99r&query_place_id=ChIJdyfhv7Z9MEAR3Bu8PZj3eDA"
"1","ChIJN7ZGN8xjMEARuc3J_1KZux8","Armood Baku","restaurant","4.3","122","","Restaurant","centre","17 Samadbey Mehmandarov Pros, Baku, Azerbaijan","https://www.google.com/maps/search/?api=1&query=Armood%20Baku&query_place_id=ChIJN7ZGN8xjMEARuc3J_1KZux8"
"1","ChIJdeTKr-p9MEARUfNNRno_apg","Tulsi Indian Restaurant","restaurant","4.3","119","","Indian restaurant","centre","Noyabr prospekti, 20 C Baku, Marriottboulevard Hotel döng, Baku 1040, Azerbaijan","https://www.google.com/maps/search/?api=1&query=Tulsi%20Indian%20Restaurant&query_place_id=ChIJdeTKr-p9MEARUfNNRno_apg"
"1","ChIJ138LXDp9MEARL41SXjsS4q4","Asian Street Food","restaurant","4.2","117","","Restaurant","centre","5 Abdulkarim Ali-Zadeh St, Baku, Azerbaijan","https://www.google.com/maps/search/?api=1&query=Asian%20Street%20Food&query_place_id=ChIJ138LXDp9MEARL41SXjsS4q4"
"1","ChIJoQPRJP-HMEAR_ubWXnsTg7Y","La Terracce","restaurant","4.2","117","","Restaurant","centre","1/25 Ahmad Rajabli, Baku, Azerbaijan","https://www.google.com/maps/search/?api=1&query=La%20Terracce&query_place_id=ChIJoQPRJP-HMEAR_ubWXnsTg7Y"
"1","ChIJX0WS9i1fMEARZi7xRm7NyEM","Qosha Qala Restoran","restaurant","4.2","113","","Restaurant","centre","Haji Zeynalabdin Tagiyev, Mardakan, Azerbaijan","https://www.google.com/maps/search/?api=1&query=Qosha%20Qala%20Restoran&query_place_id=ChIJX0WS9i1fMEARZi7xRm7NyEM"
"1","ChIJ68XIoU9lMEARcCSBbqwire0","Ozan","restaurant","4.6","112","","Restaurant","centre","9XF9+8MC, Baku, Azerbaijan","https://www.google.com/maps/search/?api=1&query=Ozan&query_place_id=ChIJ68XIoU9lMEARcCSBbqwire0"
"1","ChIJj-GI4sx9MEARZ-xyqm_tswM","Nal baku cafe & lounge","lounge_hookah","4.7","107","","Hookah bar","centre","77A Mikayıl Müşfiq Küçəsi, Bakı 1073, Azerbaijan","https://www.google.com/maps/search/?api=1&query=Nal%20baku%20cafe%20%26%20lounge&query_place_id=ChIJj-GI4sx9MEARZ-xyqm_tswM"
"1","ChIJI0Ii42t9MEARnALVA-EvzZQ","Bagda Nargiz Mall","restaurant","4.8","106","","Azerbaijani restaurant","centre","Fountains Square, Baku 1005, Baku, Azerbaijan","https://www.google.com/maps/search/?api=1&query=Bagda%20Nargiz%20Mall&query_place_id=ChIJI0Ii42t9MEARnALVA-EvzZQ"
"1","ChIJebMEJqF-MEARtkSEqiGpoPA","Atelier 61 Grill and Terrace","restaurant","4.1","105","","Restaurant","centre","National Flag Square, Baku, Azerbaijan","https://www.google.com/maps/search/?api=1&query=Atelier%2061%20Grill%20and%20Terrace&query_place_id=ChIJebMEJqF-MEARtkSEqiGpoPA"
"1","ChIJS_2KBst9MEARmxxnCw6PIm0","Greenwich Tavern","bar_pub","4.4","104","","Bar","centre","195 Nizami St, Baku 1000, Azerbaijan","https://www.google.com/maps/search/?api=1&query=Greenwich%20Tavern&query_place_id=ChIJS_2KBst9MEARmxxnCw6PIm0"
"1","ChIJa6XbgBt9MEAR-gZ1R8KVMsk","Lokal Café & Bakery","cafe_coffee","4.5","102","","Cafe","centre","71 Neftchilar Ave, Baku, Azerbaijan","https://www.google.com/maps/search/?api=1&query=Lokal%20Caf%C3%A9%20%26%20Bakery&query_place_id=ChIJa6XbgBt9MEAR-gZ1R8KVMsk"
"1","ChIJAVAEaP1iMEAR4raZOKb7r4U","WallStreet Karaoke & Restaurant","restaurant","4.3","102","","Restaurant","centre","26b Mahsati Ganjavi Rd, Baku 1026, Azerbaijan","https://www.google.com/maps/search/?api=1&query=WallStreet%20Karaoke%20%26%20Restaurant&query_place_id=ChIJAVAEaP1iMEAR4raZOKb7r4U"
"1","ChIJi7TkU0Z9MEARQ2_o8KPMTFs","Luciano Restaurant","restaurant","4.5","99","","Italian restaurant","centre","97 Zarifa Aliyeva St, Baku 0400, Azerbaijan","https://www.google.com/maps/search/?api=1&query=Luciano%20Restaurant&query_place_id=ChIJi7TkU0Z9MEARQ2_o8KPMTFs"
"1","ChIJKU8qV_99MEARYWxSvKZ8hbk","Zafferano","restaurant","4.4","98","","Fine dining restaurant","centre","1 Neftchilar Ave, Baku 1095, Azerbaijan","https://www.google.com/maps/search/?api=1&query=Zafferano&query_place_id=ChIJKU8qV_99MEARYWxSvKZ8hbk"
"1","ChIJTVgfKD7zMEARHlqtm_WQyL4","Bosfor Restaurant","restaurant","4.2","95","","Restaurant","centre","Sea Breeze , Nardaran 1000, Baku, Azerbaijan","https://www.google.com/maps/search/?api=1&query=Bosfor%20Restaurant&query_place_id=ChIJTVgfKD7zMEARHlqtm_WQyL4"
"1","ChIJHR7y8xd9MEARTudIuqY5pUU","Museum Inn Baku Terrace & Restaurant","restaurant","4.1","95","","Asian restaurant","centre","Böyük Qala Küçəsi Döngə 6 3 Qız Qalası Ilə Üzbəüz, Baku 1000, Azerbaijan","https://www.google.com/maps/search/?api=1&query=Museum%20Inn%20Baku%20Terrace%20%26%20Restaurant&query_place_id=ChIJHR7y8xd9MEARTudIuqY5pUU"
"1","ChIJoy07TAB9MEARYh14X-4mxLs","Bollyfood Indian Restaurant","restaurant","4.5","93","","Indian restaurant","centre","Nariman Narimanov, Str, 3/17 Əhməd Rəcəbli, Bakı 1000, Azerbaijan","https://www.google.com/maps/search/?api=1&query=Bollyfood%20Indian%20Restaurant&query_place_id=ChIJoy07TAB9MEARYh14X-4mxLs"
"1","ChIJW-nLwbl9MEARqF4lRyBBzeM","Bukhara Indian Restaurant","restaurant","4.9","92","","Indian restaurant","centre","Rzaoglu 7 Təbriz xəlil, Baku 1100, Azerbaijan","https://www.google.com/maps/search/?api=1&query=Bukhara%20Indian%20Restaurant&query_place_id=ChIJW-nLwbl9MEARqF4lRyBBzeM"
"1","ChIJFbhHNABfMEARwWoIe046RaY","Cuppa Coffee - Mardakan","cafe_coffee","4.3","91","","Coffee shop","centre","Mardakan yolu, Baku, Azerbaijan","https://www.google.com/maps/search/?api=1&query=Cuppa%20Coffee%20-%20Mardakan&query_place_id=ChIJFbhHNABfMEARwWoIe046RaY"
"1","ChIJpS94No31MEARgZaJKO2TxE0","Rahib Restoranı","restaurant","4.7","90","","Restaurant","centre","G39X+RC7, Zagulba Highway, Azerbaijan","https://www.google.com/maps/search/?api=1&query=Rahib%20Restoran%C4%B1&query_place_id=ChIJpS94No31MEARgZaJKO2TxE0"
"1","ChIJVyQW1EpjMEARC51vKtqZois","Bakı Restoranı","restaurant","4.5","89","","Restaurant","centre","25F Bağüstü küç, Bakı 1040, Azerbaijan","https://www.google.com/maps/search/?api=1&query=Bak%C4%B1%20Restoran%C4%B1&query_place_id=ChIJVyQW1EpjMEARC51vKtqZois"
"1","ChIJWVEXX7GIOkARE3FpmgzM0Rw","Restoran Batabat","restaurant","4.3","88","","Restaurant","centre","Bəxtiyar Əliyev küçəsi, Azerbaijan","https://www.google.com/maps/search/?api=1&query=Restoran%20Batabat&query_place_id=ChIJWVEXX7GIOkARE3FpmgzM0Rw"
"1","ChIJYxu4n_p5MEAR8gDGMbdwsZQ","Dəniz Balıq Evi","restaurant","4.1","88","","Seafood restaurant","centre","Namiq Quliyev, Baku 1003, Azerbaijan","https://www.google.com/maps/search/?api=1&query=D%C9%99niz%20Bal%C4%B1q%20Evi&query_place_id=ChIJYxu4n_p5MEAR8gDGMbdwsZQ"
"1","ChIJUbi8sbB9MEARHlckjy78ff4","Okean Tea House By Hollywood","tea_house","4.4","87","","Tea house","centre","77 Nizami St, Baku 1005, Azerbaijan","https://www.google.com/maps/search/?api=1&query=Okean%20Tea%20House%20By%20Hollywood&query_place_id=ChIJUbi8sbB9MEARHlckjy78ff4"
"1","ChIJuXMHGPJ9MEARmbjS4_tpmJo","Cubar","bar_pub","4","87","","Bar","centre","15 Aziz Aliyev St, Baku 1000, Azerbaijan","https://www.google.com/maps/search/?api=1&query=Cubar&query_place_id=ChIJuXMHGPJ9MEARmbjS4_tpmJo"
"1","ChIJjV2907R9MEARauOAITt3uoY","ChinFu吃府 restaurant","restaurant","4.6","85","","Asian restaurant","centre","61B Zarifa Aliyeva St, Baku, Azerbaijan","https://www.google.com/maps/search/?api=1&query=ChinFu%E5%90%83%E5%BA%9C%20restaurant&query_place_id=ChIJjV2907R9MEARauOAITt3uoY"
"1","ChIJmVu3Ni3xMEAR_BJYTlLCK-A","Bağda","restaurant","4.4","85","","Restaurant","centre|Bilgah, Azerbaijan","8, ev 818 Dalan, Bakı 1000, Azerbaijan","https://www.google.com/maps/search/?api=1&query=Ba%C4%9Fda&query_place_id=ChIJmVu3Ni3xMEAR_BJYTlLCK-A"
"1","ChIJ11Z0eaiHMEARiguYbK7kzvg","Bağçalı Saray","restaurant","4.6","81","","Restaurant","centre","23C Jafar Khandan St, Baku, Azerbaijan","https://www.google.com/maps/search/?api=1&query=Ba%C4%9F%C3%A7al%C4%B1%20Saray&query_place_id=ChIJ11Z0eaiHMEARiguYbK7kzvg"
"1","ChIJDzDGAsxfMEARQw6xzUqNrmw","Sanli Urfa Merdekan","restaurant","4.4","81","","Family restaurant","centre","F4QP+5R9, Sergey Yesenin, Mardakan, Azerbaijan","https://www.google.com/maps/search/?api=1&query=Sanli%20Urfa%20Merdekan&query_place_id=ChIJDzDGAsxfMEARQw6xzUqNrmw"
"1","ChIJb1ITs9T1MEARtcHRqPsihxA","Qəsr Restoran","restaurant","4.5","80","","Restaurant","centre","Baku, Azerbaijan","https://www.google.com/maps/search/?api=1&query=Q%C9%99sr%20Restoran&query_place_id=ChIJb1ITs9T1MEARtcHRqPsihxA"
"1","ChIJvZY2fgB9MEARFzv5wNx6RFo","Bakı Qutabı","quick_bites","4.9","68","","Fast food restaurant","centre","46 Rashid Behbudov St, Baku, Azerbaijan","https://www.google.com/maps/search/?api=1&query=Bak%C4%B1%20Qutab%C4%B1&query_place_id=ChIJvZY2fgB9MEARFzv5wNx6RFo"
"1","ChIJu75syAnxMEARWJphcHuTV6U","Lvov Şokolad Evi - Amburan Mall","cafe_coffee","4.4","68","","Cafe","centre","Bakı Dairəvi Yolu, Bilgəh, Azerbaijan","https://www.google.com/maps/search/?api=1&query=Lvov%20%C5%9Eokolad%20Evi%20-%20Amburan%20Mall&query_place_id=ChIJu75syAnxMEARWJphcHuTV6U"
"1","ChIJBccXyrZ9MEAR8Jp62e87cgI","HASHTAG BAR","bar_pub","4.1","68","","Bar","centre","Natavan Street, Bakı, Azerbaijan","https://www.google.com/maps/search/?api=1&query=HASHTAG%20BAR&query_place_id=ChIJBccXyrZ9MEAR8Jp62e87cgI"
"1","ChIJeaU_xH1jMEAR5DvIXLwiEL8","""Tatli"" Bakery","dessert_bakery","4.3","64","","Pastry shop","centre","9XMH+VW3, Samir Jafarov, Baku, Azerbaijan","https://www.google.com/maps/search/?api=1&query=%22Tatli%22%20Bakery&query_place_id=ChIJeaU_xH1jMEAR5DvIXLwiEL8"
"1","ChIJV3OyXWB9MEARuk1VxEuMfYw","Mings Chinese Food","quick_bites","4.7","62","","Chinese noodle restaurant","centre","147 Lev Tolstoy, Baku 1005, Azerbaijan","https://www.google.com/maps/search/?api=1&query=Mings%20Chinese%20Food&query_place_id=ChIJV3OyXWB9MEARuk1VxEuMfYw"
"1","ChIJSRacs-d9MEARkmd19bHB6qg","OroNero Bar & Ristorante","bar_pub","4.4","61","","Italian restaurant","centre","JW Marriott AZ1010, 674 Azadliq Ave, Baku, Azerbaijan","https://www.google.com/maps/search/?api=1&query=OroNero%20Bar%20%26%20Ristorante&query_place_id=ChIJSRacs-d9MEARkmd19bHB6qg"
"1","ChIJtwBNWgZ9MEARrVp-HF4IYU0","Kichin.baku","bar_pub","5","60","","Cocktail bar","centre","54 Nizami St, Baku, Azerbaijan","https://www.google.com/maps/search/?api=1&query=Kichin.baku&query_place_id=ChIJtwBNWgZ9MEARrVp-HF4IYU0"
"1","ChIJMQkmtid9MEARdVYnTF6R4yk","ANGELINA french bakery","dessert_bakery","4.8","60","","Bakery","centre","58 Azadliq Ave, Baku 1010, Azerbaijan","https://www.google.com/maps/search/?api=1&query=ANGELINA%20french%20bakery&query_place_id=ChIJMQkmtid9MEARdVYnTF6R4yk"
"1","ChIJV8IuztzzMEAR5WtsmNQyQvQ","Burger Factory","quick_bites","4.4","57","","Hamburger restaurant","centre","Nardaran, Azerbaijan","https://www.google.com/maps/search/?api=1&query=Burger%20Factory&query_place_id=ChIJV8IuztzzMEAR5WtsmNQyQvQ"
"1","ChIJm7fbarF9MEARZwkxWyz1HE4","Benua Karaoke-Bar","bar_pub","4.7","55","","Karaoke bar","centre","8 Rashid Behbudov St, Baku 1000, Azerbaijan","https://www.google.com/maps/search/?api=1&query=Benua%20Karaoke-Bar&query_place_id=ChIJm7fbarF9MEARZwkxWyz1HE4"
"1","ChIJdyDHTgCHMEAR5mVrNhO2rOM","Coffee Hub Baku","cafe_coffee","4.5","55","","Coffee shop","centre","120 Ataturk avenue, Baku, Azerbaijan","https://www.google.com/maps/search/?api=1&query=Coffee%20Hub%20Baku&query_place_id=ChIJdyDHTgCHMEAR5mVrNhO2rOM"
"1","ChIJL8ti73T0MEAR8cypVSBpsvY","Damla Şadlıq Sarayı","restaurant","4.3","55","","Restaurant","centre|Bilgah, Azerbaijan","H25H+9XG, Baku, Azerbaijan","https://www.google.com/maps/search/?api=1&query=Damla%20%C5%9Eadl%C4%B1q%20Saray%C4%B1&query_place_id=ChIJL8ti73T0MEAR8cypVSBpsvY"
"1","ChIJQbAlMZl9MEARRk2DbF1aTBk","Bakili","bar_pub","4.9","54","","Cocktail bar","centre","21 Təbriz Xəlilbəyli, Bakı 1009, Azerbaijan","https://www.google.com/maps/search/?api=1&query=Bakili&query_place_id=ChIJQbAlMZl9MEARRk2DbF1aTBk"
"1","ChIJsfTpZQV9MEARqbAAlMlPpEg","Blend Coffee & Wine","bar_pub","4.7","53","","Cocktail bar","centre","20 Mirza Ibrahimov St, Baku, Azerbaijan","https://www.google.com/maps/search/?api=1&query=Blend%20Coffee%20%26%20Wine&query_place_id=ChIJsfTpZQV9MEARqbAAlMlPpEg"
"1","ChIJu43A7V19MEARlGunvO8uD4M","Saqi Wine Bar","bar_pub","4.7","50","","Wine bar","centre","AF Mall, Baku 1005, Azerbaijan","https://www.google.com/maps/search/?api=1&query=Saqi%20Wine%20Bar&query_place_id=ChIJu43A7V19MEARlGunvO8uD4M"
"1","ChIJTw9ImVd9MEAR2oKu2DStKS8","All Coffee","bar_pub","4.7","50","","Cocktail bar","centre","535, 27 Alaskar Alakbarov, Baku 1073, Azerbaijan","https://www.google.com/maps/search/?api=1&query=All%20Coffee&query_place_id=ChIJTw9ImVd9MEAR2oKu2DStKS8"
"1","ChIJ8W7k9K99MEARIp9I9BlWfJc","Leo Karaoke Club","bar_pub","4.1","49","","Karaoke bar","centre","Samad Vurgun, Baku 1005, Azerbaijan","https://www.google.com/maps/search/?api=1&query=Leo%20Karaoke%20Club&query_place_id=ChIJ8W7k9K99MEARIp9I9BlWfJc"
"1","ChIJl4M_DQB9MEARmryhmnqwQFU","نظامي","bar_pub","4.7","48","","Bar","centre","20 Nigar Rafibeyli, Baku 1005, Azerbaijan","https://www.google.com/maps/search/?api=1&query=%D9%86%D8%B8%D8%A7%D9%85%D9%8A&query_place_id=ChIJl4M_DQB9MEARmryhmnqwQFU"
"1","ChIJHXF5Uvx9MEARIYbgKhcUXCc","Tribeca Restaurant & Bar","bar_pub","4.4","46","","Bar","centre","3 Babek Avenue, Nasimi District, Baku 1025, Azerbaijan","https://www.google.com/maps/search/?api=1&query=Tribeca%20Restaurant%20%26%20Bar&query_place_id=ChIJHXF5Uvx9MEARIYbgKhcUXCc"
"1","ChIJfykhh5B9MEARKTM6sEQl6Y4","T Bakery","dessert_bakery","4.9","44","","Cake shop","centre","7 Shovkat Alakbarova, Bakı, Azerbaijan","https://www.google.com/maps/search/?api=1&query=T%20Bakery&query_place_id=ChIJfykhh5B9MEARKTM6sEQl6Y4"
"1","ChIJmxHfqwP1MEAR7ejtpRS-7Dg","Buz Bar","bar_pub","4","43","","Restaurant","centre","Baku, Azerbaijan","https://www.google.com/maps/search/?api=1&query=Buz%20Bar&query_place_id=ChIJmxHfqwP1MEAR7ejtpRS-7Dg"
"1","ChIJe7NAu0xZMEARMLyuMd7FSxI","Cowboy Pub & Restaurant","bar_pub","4","42","","Pub","centre","Nesimi ray, 187 Nizami Küçəsi, Baku 1000, Azerbaijan","https://www.google.com/maps/search/?api=1&query=Cowboy%20Pub%20%26%20Restaurant&query_place_id=ChIJe7NAu0xZMEARMLyuMd7FSxI"
"1","ChIJn2oblYl9MEARZdkXOrQL3eE","Organica Bakery","dessert_bakery","4.1","41","","Bakery","centre","72 Azadliq Ave, Baku, Azerbaijan","https://www.google.com/maps/search/?api=1&query=Organica%20Bakery&query_place_id=ChIJn2oblYl9MEARZdkXOrQL3eE"
"1","ChIJZ5I1S8aHMEARTahGxxZFPjo","V9 Karaoke & Cinema Rooms","bar_pub","4.2","40","","Karaoke bar","centre","15 Ajami Nakhchivani, Baku, Azerbaijan","https://www.google.com/maps/search/?api=1&query=V9%20Karaoke%20%26%20Cinema%20Rooms&query_place_id=ChIJZ5I1S8aHMEARTahGxxZFPjo"
"1","ChIJvUCZKb2HMEARfBauJUejZQQ","Sumo Sushi Bar","bar_pub","4.8","32","","Sushi restaurant","centre","40 Mirmahmud Kazımovski, Bakı, Azerbaijan","https://www.google.com/maps/search/?api=1&query=Sumo%20Sushi%20Bar&query_place_id=ChIJvUCZKb2HMEARfBauJUejZQQ"
"1","ChIJ1dle2LN9MEARVpPHCvVUIlk","Badam Patisserie","dessert_bakery","4.4","32","","Dessert restaurant","centre","1/32, 40°22'11. 49°50'29.0""E, 1 Azerbaijan Ave, Sumqayit 5000, Azerbaijan","https://www.google.com/maps/search/?api=1&query=Badam%20Patisserie&query_place_id=ChIJ1dle2LN9MEARVpPHCvVUIlk"
"1","ChIJV4ahKIZ9MEAR1qRY1FSnksA","Zeppelin","bar_pub","4.3","31","","Wine bar","centre","3 Baku Natavan dongesi, Baku 1000, Azerbaijan","https://www.google.com/maps/search/?api=1&query=Zeppelin&query_place_id=ChIJV4ahKIZ9MEAR1qRY1FSnksA"
"","ChIJc-TtOYF9OkARBfzN2p6VJCQ","Fairmont Baku Flame Towers","restaurant","4.8","5144","","Restaurant","centre","Azərbaycan, 1A Mehdi Hüseyn Küçəsi, Baku 1006, Azerbaijan","https://www.google.com/maps/search/?api=1&query=Fairmont%20Baku%20Flame%20Towers&query_place_id=ChIJc-TtOYF9OkARBfzN2p6VJCQ"
"","ChIJZ39YKax9MEAR5RjUTggBuaY","Mari Vanna","restaurant","4.6","2774","","Restaurant","centre","93 Zərifə Əliyeva Küçəsi, Bakı, Azerbaijan","https://www.google.com/maps/search/?api=1&query=Mari%20Vanna&query_place_id=ChIJZ39YKax9MEAR5RjUTggBuaY"
"","ChIJYec04rB9MEAR_JuJ8-BcEYg","Planet By Hollywood","restaurant","4.9","860","","Restaurant","centre","25A Yusif Mammadaliyev St, Baku 1000, Azerbaijan","https://www.google.com/maps/search/?api=1&query=Planet%20By%20Hollywood&query_place_id=ChIJYec04rB9MEAR_JuJ8-BcEYg"
"","ChIJ96WWirZ9MEAR6ax323TUxQU","PirallahiHouse Restoran","restaurant","3.6","402","","Restaurant","centre","Pirallahi Çilov, Bakı 1001, Azerbaijan","https://www.google.com/maps/search/?api=1&query=PirallahiHouse%20Restoran&query_place_id=ChIJ96WWirZ9MEAR6ax323TUxQU"
"","ChIJ-SoNGXV7MEARKH5nFhUZQfs","City Park - ByCafeCity","restaurant","4.2","320","","Restaurant","centre","Gənclik Park, 8 Noyabr prospekti, Sadıqcan küç, Bakı, Azerbaijan","https://www.google.com/maps/search/?api=1&query=City%20Park%20-%20ByCafeCity&query_place_id=ChIJ-SoNGXV7MEARKH5nFhUZQfs"
"","ChIJ5_R0DxZjMEARy-9O_Cn_v6k","Mala Praga restoranı","restaurant","4.2","227","","Restaurant","centre","Maşın bazarının yanı, 56 Babak Ave, Baku 1032, Azerbaijan","https://www.google.com/maps/search/?api=1&query=Mala%20Praga%20restoran%C4%B1&query_place_id=ChIJ5_R0DxZjMEARy-9O_Cn_v6k"
"","ChIJvaqe3MxfMEARCdFQE-I05Uc","Halva Shuvalan","restaurant","3.6","201","","Restaurant","centre","Almas İldırım 37, Bakı, Azerbaijan","https://www.google.com/maps/search/?api=1&query=Halva%20Shuvalan&query_place_id=ChIJvaqe3MxfMEARCdFQE-I05Uc"
"","ChIJdyABOrN9MEARLxJI5hN8dx0","Ruin","restaurant","4.9","200","","Restaurant","centre","31 Istiglaliyyat St, Baku 1001, Azerbaijan","https://www.google.com/maps/search/?api=1&query=Ruin&query_place_id=ChIJdyABOrN9MEARLxJI5hN8dx0"
"","ChIJAcTVyKBhMEARRUk4s1ue5HM","Ay Qonshu Restaurant","restaurant","3","197","","Restaurant","centre","Heydar Aliyev International Airport, Bakı, 20 km şəhərindən, Şimal, Azerbaijan","https://www.google.com/maps/search/?api=1&query=Ay%20Qonshu%20Restaurant&query_place_id=ChIJAcTVyKBhMEARRUk4s1ue5HM"
"","ChIJ1ew3buV9MEARfeLtBLhURjk","Local Sweets Baku (Old City)","","5","147","","Sweets and dessert buffet","centre","Sabail Ray., 1-ci, ev 7.,menzil1 Qesr dongesi, Baku 1111, Azerbaijan","https://www.google.com/maps/search/?api=1&query=Local%20Sweets%20Baku%20(Old%20City)&query_place_id=ChIJ1ew3buV9MEARfeLtBLhURjk"
"","ChIJZyJphlHzMEAR7EpZ8q2nRDc","CRUNCH - Sea Breeze","quick_bites","3.9","143","","Fast food restaurant","centre","Sea Breeze, Nardaran, Baku 1001, Azerbaijan","https://www.google.com/maps/search/?api=1&query=CRUNCH%20-%20Sea%20Breeze&query_place_id=ChIJZyJphlHzMEAR7EpZ8q2nRDc"
"","ChIJIcBunEXxMEARoKLseq5Zwe0","Yasil Abadliq","restaurant","3.9","134","","Restaurant","centre|Bilgah, Azerbaijan","Бильгя, A.Salahzade 13, Azerbaijan","https://www.google.com/maps/search/?api=1&query=Yasil%20Abadliq&query_place_id=ChIJIcBunEXxMEARoKLseq5Zwe0"
"","ChIJY44uawBfMEARjmDb_tGgg3Y","Mocca","cafe_coffee","3.3","131","","Coffee shop","Mardakan, Azerbaijan","G46W+7HH, Mardakan, Azerbaijan","https://www.google.com/maps/search/?api=1&query=Mocca&query_place_id=ChIJY44uawBfMEARjmDb_tGgg3Y"
"","ChIJMRkBIlxiMEARsd9ksPv-GgA","İnci Saray","restaurant","4.4","129","","Restaurant","centre","metrostansiyası yaxınlığı, Qara Qarayev, Ş.Mirzəyev küçəsi, Baku 1002, Azerbaijan","https://www.google.com/maps/search/?api=1&query=%C4%B0nci%20Saray&query_place_id=ChIJMRkBIlxiMEARsd9ksPv-GgA"
"","ChIJfV6sIcp9MEAReXeKjFYWeIk","Floors. The Housing Space.","restaurant","3.3","115","","Restaurant","centre","Baku, Qasr donge 1, bulding 70, Bakı 1000, Azerbaijan","https://www.google.com/maps/search/?api=1&query=Floors.%20The%20Housing%20Space.&query_place_id=ChIJfV6sIcp9MEAReXeKjFYWeIk"
"","ChIJhRar-hN9MEARlhiveJIUr9Q","Bahçe Baku","restaurant","3.9","101","","Restaurant","centre","Suleyman Vazirov, Baku 1025, Azerbaijan","https://www.google.com/maps/search/?api=1&query=Bah%C3%A7e%20Baku&query_place_id=ChIJhRar-hN9MEARlhiveJIUr9Q"
"","ChIJbcB77XT1MEAR5eIwK2fb90c","Khazar Inji Hotel","restaurant","4.2","94","","Restaurant","centre","Buzovna, Sea side Baku, 1090, Azerbaijan","https://www.google.com/maps/search/?api=1&query=Khazar%20Inji%20Hotel&query_place_id=ChIJbcB77XT1MEAR5eIwK2fb90c"
"","ChIJCRPuV8lYMEARFXGkSjcd_gE","Eldorado-Merdekan","restaurant","3.9","93","","Restaurant","centre","Eldorado Merdekan, Mardakan, Azerbaijan","https://www.google.com/maps/search/?api=1&query=Eldorado-Merdekan&query_place_id=ChIJCRPuV8lYMEARFXGkSjcd_gE"
"","ChIJNfJT9MqTMEARM6UBqwpEUWI","My Beach Novkhani","restaurant","3.6","93","","Restaurant","centre","HQGF+FMH, Sumqayit, Azerbaijan","https://www.google.com/maps/search/?api=1&query=My%20Beach%20Novkhani&query_place_id=ChIJNfJT9MqTMEARM6UBqwpEUWI"
"","ChIJmeG7hIR9MEARA-DpL6dce4s","Ay Qonshu Restaurant National Azeri Cusine","restaurant","3.5","93","","Restaurant","centre","5 İzmir küçəsi, Bakı, Azerbaijan","https://www.google.com/maps/search/?api=1&query=Ay%20Qonshu%20Restaurant%20National%20Azeri%20Cusine&query_place_id=ChIJmeG7hIR9MEARA-DpL6dce4s"
"","ChIJ0dD-CLp9MEAReYAHWS5BUkg","Le Chateau Music Bar","bar_pub","3.9","89","","Live music bar","centre","İslam Səfərli, Bakı 1005, Azerbaijan","https://www.google.com/maps/search/?api=1&query=Le%20Chateau%20Music%20Bar&query_place_id=ChIJ0dD-CLp9MEAReYAHWS5BUkg"
"","ChIJnRAYGWzzMEARfzDFHgJ93DU","Fish Box Baku","restaurant","3.5","88","","Restaurant","centre","Sea Breeze, Nardaran, Баку 1132, Azerbaijan","https://www.google.com/maps/search/?api=1&query=Fish%20Box%20Baku&query_place_id=ChIJnRAYGWzzMEARfzDFHgJ93DU"
"","ChIJXW7bBaiIOkARPgNnmPvw3KY","Tural Şadlıq Sarayı","restaurant","4.2","85","","Restaurant","centre","Ümid qəsəbəsi, Azerbaijan","https://www.google.com/maps/search/?api=1&query=Tural%20%C5%9Eadl%C4%B1q%20Saray%C4%B1&query_place_id=ChIJXW7bBaiIOkARPgNnmPvw3KY"
"","ChIJgUdghIB9MEARqcO5lfFeu3Y","Galiano Lounge","lounge_hookah","4.5","84","","Hookah bar","centre","69c Tbilisi prospekti, Bakı, Azerbaijan","https://www.google.com/maps/search/?api=1&query=Galiano%20Lounge&query_place_id=ChIJgUdghIB9MEARqcO5lfFeu3Y"
"","ChIJLae2GXJ9MEARrG4bjpf8FdM","Three Bears pub","bar_pub","4.3","83","","Bar","centre","77 Nizami Gəncəvi, Bakı 1005, Azerbaijan","https://www.google.com/maps/search/?api=1&query=Three%20Bears%20pub&query_place_id=ChIJLae2GXJ9MEARrG4bjpf8FdM"
"","ChIJVVVQ7qV9MEARKRDYVw6w9Mo","Purple Karaoke & Live Bar","bar_pub","4.7","82","","Karaoke bar","centre","95A Qurban Abbasov, Bakı, Azerbaijan","https://www.google.com/maps/search/?api=1&query=Purple%20Karaoke%20%26%20Live%20Bar&query_place_id=ChIJVVVQ7qV9MEARKRDYVw6w9Mo"
"","ChIJeZjlUa59MEARAm-3g2ezrHw","Baklava Bakery Pastry on Aziz Aliyev","dessert_bakery","3","82","","Bakery","centre","9R9P+8WQ, Aziz Aliyev St, Baku, Azerbaijan","https://www.google.com/maps/search/?api=1&query=Baklava%20Bakery%20Pastry%20on%20Aziz%20Aliyev&query_place_id=ChIJeZjlUa59MEARAm-3g2ezrHw"
"","ChIJx3lE_6p9MEARuYSHihS1aFA","Fireworks Urban Kitchen","restaurant","4.3","79","","Restaurant","centre","JW Marriott AZ1010, 674 Azadliq Ave, Baku, Azerbaijan","https://www.google.com/maps/search/?api=1&query=Fireworks%20Urban%20Kitchen&query_place_id=ChIJx3lE_6p9MEARuYSHihS1aFA"
"","ChIJHx3yeTbzMEARZGFaja7eSDs","White Beach Club","restaurant","3.7","77","","Restaurant","centre","Sea Breeze İstirahət Mərkəzi, Nardaran, Azerbaijan","https://www.google.com/maps/search/?api=1&query=White%20Beach%20Club&query_place_id=ChIJHx3yeTbzMEARZGFaja7eSDs"
"","ChIJQXHTA1VZMEAREAkMp_RMook","Klub Dachnikov","restaurant","4.6","76","","Family restaurant","centre","Mayak yolu, Azerbaijan","https://www.google.com/maps/search/?api=1&query=Klub%20Dachnikov&query_place_id=ChIJQXHTA1VZMEAREAkMp_RMook"
"","ChIJzZalaTyJMEAR4oBHiP43Ge0","Simfoniya Hall","restaurant","4.6","75","","Restaurant","centre","13e Suleyman Sani Akhundov, Baku, Azerbaijan","https://www.google.com/maps/search/?api=1&query=Simfoniya%20Hall&query_place_id=ChIJzZalaTyJMEAR4oBHiP43Ge0"
"","ChIJZ31Pn-R9MEARGOpxMrlWQVI","Meating Room","restaurant","4.6","75","","Steak house","centre","3-ий парк, Baku, Azerbaijan","https://www.google.com/maps/search/?api=1&query=Meating%20Room&query_place_id=ChIJZ31Pn-R9MEARGOpxMrlWQVI"
"","ChIJN8JqZQCJMEARgeSoMlobvAA","Natiqin Məcunu","restaurant","4.4","75","","Family restaurant","centre","FW5F+R9G, Baku, Azerbaijan","https://www.google.com/maps/search/?api=1&query=Natiqin%20M%C9%99cunu&query_place_id=ChIJN8JqZQCJMEARgeSoMlobvAA"
"","ChIJEXtwf79fMEARa5uBSPMzVvI","Veranda Resort Hotel & Villas","restaurant","4.3","75","","Restaurant","centre","Merdekan Baku, Haji Zeynalabdin Tagiyev, Bakı 1044, Azerbaijan","https://www.google.com/maps/search/?api=1&query=Veranda%20Resort%20Hotel%20%26%20Villas&query_place_id=ChIJEXtwf79fMEARa5uBSPMzVvI"
"","ChIJCUvZcI99MEARSuom0UZE_Sk","Cag Kebab Restoran","restaurant","4.3","74","","Restaurant","centre","ev.26 Əliyar Əliyev küç, Bakı 1052, Azerbaijan","https://www.google.com/maps/search/?api=1&query=Cag%20Kebab%20Restoran&query_place_id=ChIJCUvZcI99MEARSuom0UZE_Sk"
"","ChIJHRpvRQB9MEARZUxdchZjar8","Global Village Restaurant Baku","restaurant","4.9","72","","Indian restaurant","centre","Nigar Rafibeyli, Baku 1005, Azerbaijan","https://www.google.com/maps/search/?api=1&query=Global%20Village%20Restaurant%20Baku&query_place_id=ChIJHRpvRQB9MEARZUxdchZjar8"
"","ChIJxwiFSjnxMEARx9tLzJp0Pzs","Leyla Restaurant","restaurant","4.3","70","","Family restaurant","centre","Bilgah, Azerbaijan","https://www.google.com/maps/search/?api=1&query=Leyla%20Restaurant&query_place_id=ChIJxwiFSjnxMEARx9tLzJp0Pzs"
"","ChIJw0pRIABfMEARG3OkTa1JPfU","Pizza Hut Mərdəkan","restaurant","4.8","69","","Pizza restaurant","centre","F5XC+4QP, Guney Azerbaycan3, Mərdəkan, Azerbaijan","https://www.google.com/maps/search/?api=1&query=Pizza%20Hut%20M%C9%99rd%C9%99kan&query_place_id=ChIJw0pRIABfMEARG3OkTa1JPfU"
"","ChIJ8dzHKLf1MEARy5qV4bVw68Q","Kilim Ailəvi Restoran","restaurant","4.3","68","","Restaurant","centre","G3H8+Q7F, M. Namazov küçəsi 83, Baku, Azerbaijan","https://www.google.com/maps/search/?api=1&query=Kilim%20Ail%C9%99vi%20Restoran&query_place_id=ChIJ8dzHKLf1MEARy5qV4bVw68Q"
"","ChIJ4eQHgXHzMEARQiQVzjlQKXk","ZEN MARINA","lounge_hookah","5","67","","Hookah bar","centre","Marina Village, Baku, Azerbaijan","https://www.google.com/maps/search/?api=1&query=ZEN%20MARINA&query_place_id=ChIJ4eQHgXHzMEARQiQVzjlQKXk"
"","ChIJ87-5SACHMEARoUI3dyBrIA0","Bursa Kebap Evi - Memar Əcəmi","restaurant","4.5","67","","Turkish restaurant","centre","51 Asif Maharramov, Baku, Azerbaijan","https://www.google.com/maps/search/?api=1&query=Bursa%20Kebap%20Evi%20-%20Memar%20%C6%8Fc%C9%99mi&query_place_id=ChIJ87-5SACHMEARoUI3dyBrIA0"
"","ChIJpRhuKSl9MEAR6im7agoJiqI","Mangal Milli Mətbəx","restaurant","4.3","67","","Restaurant","centre","3 Aydin Nasirov, Bakı 1000, Azerbaijan","https://www.google.com/maps/search/?api=1&query=Mangal%20Milli%20M%C9%99tb%C9%99x&query_place_id=ChIJpRhuKSl9MEAR6im7agoJiqI"
"","ChIJ0ebEGPuHMEAR-tW47d_OS9c","Ordubad restoranı","restaurant","4.7","66","","Restaurant","centre","CR8W+8RC, 29B Sattar Bahulul-Zadeh, Baku 1108, Azerbaijan","https://www.google.com/maps/search/?api=1&query=Ordubad%20restoran%C4%B1&query_place_id=ChIJ0ebEGPuHMEAR-tW47d_OS9c"
"","ChIJx-P3hLx9MEAR_AGLrn2aptg","Isti Isti bakery","","4.5","65","","Candy store","centre","Baku 1009, Azerbaijan","https://www.google.com/maps/search/?api=1&query=Isti%20Isti%20bakery&query_place_id=ChIJx-P3hLx9MEAR_AGLrn2aptg"
"","ChIJSc2S2tiLMEARYFffhJIFJzU","Sultan Paşa","restaurant","3.9","65","","Restaurant","centre","Yaşayış Kompleksi, Əjdər Məlikov, Bakı 1015, Azerbaijan","https://www.google.com/maps/search/?api=1&query=Sultan%20Pa%C5%9Fa&query_place_id=ChIJSc2S2tiLMEARYFffhJIFJzU"
"","ChIJ-aYnsGWSMEARl8K09stjNEU","Marina Beach","restaurant","4.1","64","","Restaurant","centre","HR89+55C, Goradil, Azerbaijan","https://www.google.com/maps/search/?api=1&query=Marina%20Beach&query_place_id=ChIJ-aYnsGWSMEARl8K09stjNEU"
"","ChIJ23E3Et31MEARQgw3TIbxSdc","Retro Zaqulba Restoran","restaurant","4.5","62","","Restaurant","centre","33 Beynəlmiləl, Azerbaijan","https://www.google.com/maps/search/?api=1&query=Retro%20Zaqulba%20Restoran&query_place_id=ChIJ23E3Et31MEARQgw3TIbxSdc"
"","ChIJb_SX2LJ9MEAREvHllzz3hRM","GooDup kitchen (Khatai / White City branch)","restaurant","4.8","61","","Restaurant","centre","84D Khojali Avenue, Baku, Azerbaijan","https://www.google.com/maps/search/?api=1&query=GooDup%20kitchen%20(Khatai%20%2F%20White%20City%20branch)&query_place_id=ChIJb_SX2LJ9MEAREvHllzz3hRM"
"","ChIJXQyFzO71MEARTCqSuUEIucc","Gabala","restaurant","4.4","61","","Restaurant","centre","G4G2+F2M, Mardakan, Azerbaijan","https://www.google.com/maps/search/?api=1&query=Gabala&query_place_id=ChIJXQyFzO71MEARTCqSuUEIucc"
"","ChIJa19iHQB9MEARUk6ShR3iork","Asian Bistro Asian street food","restaurant","4.3","61","","Conveyor belt sushi restaurant","centre","Mərkəzi bulvar küçəsi, Bakı, Azerbaijan","https://www.google.com/maps/search/?api=1&query=Asian%20Bistro%20Asian%20street%20food&query_place_id=ChIJa19iHQB9MEARUk6ShR3iork"
"","ChIJhdEdVt5fMEARnFsHX3qXQp0","Sushi Oki","restaurant","4.1","61","","Restaurant","centre","Sergey Yeseni, Baku 1044, Azerbaijan","https://www.google.com/maps/search/?api=1&query=Sushi%20Oki&query_place_id=ChIJhdEdVt5fMEARnFsHX3qXQp0"
"","ChIJd6tkzOxZMEARiWFIr-HSO3A","Dream Beach Baku","restaurant","4","61","","Restaurant","centre","Mardakhan, Baku 1044, Azerbaijan","https://www.google.com/maps/search/?api=1&query=Dream%20Beach%20Baku&query_place_id=ChIJd6tkzOxZMEARiWFIr-HSO3A"
"","ChIJH8uSl2eNMEARF1aIoKrtxiA","Miracle","restaurant","3.9","61","","Restaurant","centre","HV89+68H, Baku, Azerbaijan","https://www.google.com/maps/search/?api=1&query=Miracle&query_place_id=ChIJH8uSl2eNMEARF1aIoKrtxiA"
"","ChIJux3rmUB9MEAR_Zt3xGP_hOw","HookahPlace Baku","lounge_hookah","4.5","59","","Hookah bar","centre","Əhməd Cəmil 45, Baku 1141, Azerbaijan","https://www.google.com/maps/search/?api=1&query=HookahPlace%20Baku&query_place_id=ChIJux3rmUB9MEAR_Zt3xGP_hOw"
"","ChIJyScNYEnxMEARBmFoxGtq69I","Happy Days Cafe","cafe_coffee","3.8","58","","Cafe","centre","H3J7+6FQ, Bilgah, Azerbaijan","https://www.google.com/maps/search/?api=1&query=Happy%20Days%20Cafe&query_place_id=ChIJyScNYEnxMEARBmFoxGtq69I"
"","ChIJ8diGdwB9MEARCrxdkRkMYsM","Black Bull BBQ","restaurant","4.5","57","","American restaurant","centre","6 Khagani Rustamov St, Baku, Azerbaijan","https://www.google.com/maps/search/?api=1&query=Black%20Bull%20BBQ&query_place_id=ChIJ8diGdwB9MEARCrxdkRkMYsM"
"","ChIJKbjAVWN9MEAR4b1OQDDZTOY","Adress Restaurant","restaurant","3.9","57","","Restaurant","centre","Sea brezze resort, Bakı 1002, Azerbaijan","https://www.google.com/maps/search/?api=1&query=Adress%20Restaurant&query_place_id=ChIJKbjAVWN9MEAR4b1OQDDZTOY"
"","ChIJ1TaHNqd-MEARYexISg32XUA","Porterhouse Grill & Wine","restaurant","4.1","56","","Restaurant","centre","National Flag Square Complex, Bakı 1010, Azerbaijan","https://www.google.com/maps/search/?api=1&query=Porterhouse%20Grill%20%26%20Wine&query_place_id=ChIJ1TaHNqd-MEARYexISg32XUA"
"","ChIJa_sUFwB5MEAR8HYMVm93X7E","Lampare Restaurant","restaurant","3.9","56","","Restaurant","centre","Salyan şosesi, Baku, Azerbaijan","https://www.google.com/maps/search/?api=1&query=Lampare%20Restaurant&query_place_id=ChIJa_sUFwB5MEAR8HYMVm93X7E"
"","ChIJqRMXwP3zMEARte04qiSHPTE","Vətən Sea Breeze","restaurant","3.7","56","","Restaurant","centre","Sea Breeze, Nardaran, Baku 1097, Azerbaijan","https://www.google.com/maps/search/?api=1&query=V%C9%99t%C9%99n%20Sea%20Breeze&query_place_id=ChIJqRMXwP3zMEARte04qiSHPTE"
"","ChIJG-ZqNxdfMEARXXkxzmX1nKI","SHANI Restaurant & Terrace","restaurant","3","56","","Restaurant","centre|Mardakan, Azerbaijan","Street, Haji Zeynalabdin Tagiyev, Baku 1044, Azerbaijan","https://www.google.com/maps/search/?api=1&query=SHANI%20Restaurant%20%26%20Terrace&query_place_id=ChIJG-ZqNxdfMEARXXkxzmX1nKI"
"","ChIJPevfHwDzMEARNqjA5pbD44s","La Mer Dining","restaurant","4.7","55","","Restaurant","centre","Nardaran, Baku 1097, Azerbaijan","https://www.google.com/maps/search/?api=1&query=La%20Mer%20Dining&query_place_id=ChIJPevfHwDzMEARNqjA5pbD44s"
"","ChIJHy5WE8xYMEARKHxliKLXjK4","Arzu Restoran","","4.7","55","","Wedding venue","centre","G565+5JF, Mardakan, Azerbaijan","https://www.google.com/maps/search/?api=1&query=Arzu%20Restoran&query_place_id=ChIJHy5WE8xYMEARKHxliKLXjK4"
"","ChIJ5ZL87S9jMEARYEeOhikGr4A","Voyage Lounge Karaoke","lounge_hookah","4.3","55","","Club","centre","M.Hadi 45, 51A Mahammad Hadi, Baku 1000, Azerbaijan","https://www.google.com/maps/search/?api=1&query=Voyage%20Lounge%20Karaoke&query_place_id=ChIJ5ZL87S9jMEARYEeOhikGr4A"
"","ChIJu0k8Q2BfMEARei86bZTGDZM","Nardan Şah Restoran","restaurant","3.7","54","","Restaurant","centre","F5PH+292, Almas İldırım, Mərdəkan, Azerbaijan","https://www.google.com/maps/search/?api=1&query=Nardan%20%C5%9Eah%20Restoran&query_place_id=ChIJu0k8Q2BfMEARei86bZTGDZM"
"","ChIJx4ARdxuHOkAR5rWmO6TFKgE","Kral şadlıq sarayı","restaurant","4.2","53","","Family restaurant","centre","6HJP+WRG, Ümid qəsəbəsi, Azerbaijan","https://www.google.com/maps/search/?api=1&query=Kral%20%C5%9Fadl%C4%B1q%20saray%C4%B1&query_place_id=ChIJx4ARdxuHOkAR5rWmO6TFKgE"
"","ChIJM0P97sd9MEARjE8ph6IBDUs","İndian Restaurant only Tekawey","restaurant","5","52","","Indian restaurant","centre","49 Ahmad Rajabli, Baku 1022, Azerbaijan","https://www.google.com/maps/search/?api=1&query=%C4%B0ndian%20Restaurant%20only%20Tekawey&query_place_id=ChIJM0P97sd9MEARjE8ph6IBDUs"
"","ChIJlUO4vtZ9MEARVcPjXnf6hs0","Dönər Vaxtıdır","restaurant","5","51","","Turkish restaurant","centre","9RFM+PP7, 1009 Molla Vali Vidadi St, Baku 1009, Azerbaijan","https://www.google.com/maps/search/?api=1&query=D%C3%B6n%C9%99r%20Vaxt%C4%B1d%C4%B1r&query_place_id=ChIJlUO4vtZ9MEARVcPjXnf6hs0"
"","ChIJAQAAAIz1MEARQMpDvsonvjs","Mirvari","restaurant","4.2","51","","Restaurant","centre","Mardakan, Azerbaijan","https://www.google.com/maps/search/?api=1&query=Mirvari&query_place_id=ChIJAQAAAIz1MEARQMpDvsonvjs"
"","ChIJS-oQXgJfMEARxodJInFEOkE","Pizza Bruno Mardakan","restaurant","4.3","50","","Restaurant","centre","F4PJ+GG3, Mardakan, Azerbaijan","https://www.google.com/maps/search/?api=1&query=Pizza%20Bruno%20Mardakan&query_place_id=ChIJS-oQXgJfMEARxodJInFEOkE"
"","ChIJseyzHmmHMEARhIWedknNjpI","Jiro Sushi Baku","restaurant","4.8","49","","Seafood restaurant","centre","8 Ajami Nakhchivani, Baku 1122, Azerbaijan","https://www.google.com/maps/search/?api=1&query=Jiro%20Sushi%20Baku&query_place_id=ChIJseyzHmmHMEARhIWedknNjpI"
"","ChIJGxa7s899MEARqzi8WOXVaQs","LaCasa Whitecity Restaurant","restaurant","4.7","49","","Italian restaurant","centre","Mərkəzi Bulvar 5, Baku, Azerbaijan 1025, Baku 1025, Azerbaijan","https://www.google.com/maps/search/?api=1&query=LaCasa%20Whitecity%20Restaurant&query_place_id=ChIJGxa7s899MEARqzi8WOXVaQs"
"","ChIJubMzpq19MEARZxlcKsd1Q9E","Woki Oki","restaurant","4.3","49","","Asian restaurant","centre","Park Bulvar, Neftchilar Ave, Baku, Azerbaijan","https://www.google.com/maps/search/?api=1&query=Woki%20Oki&query_place_id=ChIJubMzpq19MEARZxlcKsd1Q9E"
"","ChIJV6W5q6jzMEARBYd6vsr9e4c","Famous Restaurant Sea Breeze","restaurant","3.2","49","","Greek restaurant","centre","Nardaran, Azerbaijan","https://www.google.com/maps/search/?api=1&query=Famous%20Restaurant%20Sea%20Breeze&query_place_id=ChIJV6W5q6jzMEARBYd6vsr9e4c"
"","ChIJEeWDOPn1MEARaoxC2GoclxY","Beluga","restaurant","4.4","48","","Restaurant","centre","G4F9+7QR, Baku, Azerbaijan","https://www.google.com/maps/search/?api=1&query=Beluga&query_place_id=ChIJEeWDOPn1MEARaoxC2GoclxY"
"","ChIJaZgH3Of1MEARm3UOlXb-Czs","Panorama","restaurant","4.3","48","","Restaurant","centre","G4J2+28C, Baku, Azerbaijan","https://www.google.com/maps/search/?api=1&query=Panorama&query_place_id=ChIJaZgH3Of1MEARm3UOlXb-Czs"
"","ChIJcWxDFe_1MEARBnFLSJlhNDM","Meduza Lounge","lounge_hookah","4.2","48","","Restaurant","centre","G4G3+JC6, Baku, Azerbaijan","https://www.google.com/maps/search/?api=1&query=Meduza%20Lounge&query_place_id=ChIJcWxDFe_1MEARBnFLSJlhNDM"
"","ChIJ-06ENfZfMEARzFMZ8Oke-VI","Xalca Restaurant","restaurant","4.6","47","","Restaurant","centre|Mardakan, Azerbaijan","78 Sergey Yesenin, Mardakan, Azerbaijan","https://www.google.com/maps/search/?api=1&query=Xalca%20Restaurant&query_place_id=ChIJ-06ENfZfMEARzFMZ8Oke-VI"
"","ChIJVb_ybQBjMEAR9EbMBmakLcI","Da Roma Baku","restaurant","4.5","47","","Roman restaurant","centre","CXJ3+RX6, Baku, Azerbaijan","https://www.google.com/maps/search/?api=1&query=Da%20Roma%20Baku&query_place_id=ChIJVb_ybQBjMEAR9EbMBmakLcI"
"","ChIJz6zNauRhMEARWBke0rO_cEE","Fine Art Dine & Wine","restaurant","4.1","47","","Restaurant","centre","1, Terminal, 3rd floor, after, Baku, Azerbaijan","https://www.google.com/maps/search/?api=1&query=Fine%20Art%20Dine%20%26%20Wine&query_place_id=ChIJz6zNauRhMEARWBke0rO_cEE"
"","ChIJtYnAmbGIOkAR9VHWaceNp6U","Xəzri şadlıq sarayı","restaurant","4.3","46","","Restaurant","centre","6HCF+2WH, Ümid qəsəbəsi, Azerbaijan","https://www.google.com/maps/search/?api=1&query=X%C9%99zri%20%C5%9Fadl%C4%B1q%20saray%C4%B1&query_place_id=ChIJtYnAmbGIOkAR9VHWaceNp6U"
"","ChIJbYVZYsNeMEARkPAhLHbJzpo","Görüş Restoranı (Mərdəkan)","restaurant","4.3","46","","Restaurant","centre|Mardakan, Azerbaijan","F5P7+PCJ, Mardakan, Azerbaijan","https://www.google.com/maps/search/?api=1&query=G%C3%B6r%C3%BC%C5%9F%20Restoran%C4%B1%20(M%C9%99rd%C9%99kan)&query_place_id=ChIJbYVZYsNeMEARkPAhLHbJzpo"
"","ChIJEb2FL_fxMEARK6J4PNQOSDU","Shaurma 1 - Bilgəh","quick_bites","3.7","46","","Fast food restaurant","centre","Bilgəh Qəsəbəsi ev, Qələbə küçəsi, Baku 1094, Azerbaijan","https://www.google.com/maps/search/?api=1&query=Shaurma%201%20-%20Bilg%C9%99h&query_place_id=ChIJEb2FL_fxMEARK6J4PNQOSDU"
"","ChIJ8XpvHlJ9MEARP4pbh_HBdlI","AA Lounge Karaoke KLUB","lounge_hookah","3","46","","Video karaoke","centre","68 Ağa Nemətulla, Bakı, Azerbaijan","https://www.google.com/maps/search/?api=1&query=AA%20Lounge%20Karaoke%20KLUB&query_place_id=ChIJ8XpvHlJ9MEARP4pbh_HBdlI"
"","ChIJ53p4zBSOMEARj9sYGVzHqr0","RESTAURANT BAKI-PRAQA","restaurant","4.6","45","","Restaurant","Novxanı, Azerbaijan","GQFW+MQ7, Novxanı, Azerbaijan","https://www.google.com/maps/search/?api=1&query=RESTAURANT%20BAKI-PRAQA&query_place_id=ChIJ53p4zBSOMEARj9sYGVzHqr0"
"","ChIJ-a-e40ZjMEARV_wtEHeT-xc","Laliga Dining & Lounge","lounge_hookah","4.6","44","","Restaurant","centre","Əhmədli ms, Bakı şəh, Xətai r-nu, 9E Mahammad Hadi, Baku, Azerbaijan","https://www.google.com/maps/search/?api=1&query=Laliga%20Dining%20%26%20Lounge&query_place_id=ChIJ-a-e40ZjMEARV_wtEHeT-xc"
"","ChIJA_9vjFrzMEARWB0OACWmjGA","The Woo Seabreeze Marina","restaurant","4.5","44","","Restaurant","centre","Baku Nardaran Seabreeze, Baku 1025, Azerbaijan","https://www.google.com/maps/search/?api=1&query=The%20Woo%20Seabreeze%20Marina&query_place_id=ChIJA_9vjFrzMEARWB0OACWmjGA"
"","ChIJRfIAKADzMEARyfi2A4Vn4so","Polo Cafe","restaurant","4","44","","Family restaurant","centre","Nardaran, Azerbaijan","https://www.google.com/maps/search/?api=1&query=Polo%20Cafe&query_place_id=ChIJRfIAKADzMEARyfi2A4Vn4so"
"","ChIJR25-HX19MEAR6oEytCJMhBg","House 123","restaurant","4.7","43","","Restaurant","centre","118 Samad Vurgun, Baku 1000, Azerbaijan","https://www.google.com/maps/search/?api=1&query=House%20123&query_place_id=ChIJR25-HX19MEAR6oEytCJMhBg"
"","ChIJQcnKNQDzMEAR1adrYxjUGrM","Park Cafe","restaurant","4.2","43","","Italian restaurant","centre","Baku, Nardaran, R1, Baku 1097, Azerbaijan","https://www.google.com/maps/search/?api=1&query=Park%20Cafe&query_place_id=ChIJQcnKNQDzMEAR1adrYxjUGrM"
"","ChIJGYNxyA7xMEARoM_8IBJ9PFM","Baku Castle Bilgah","restaurant","3.8","43","","Restaurant","centre","Aslan Salahzade, Bilgah, Baku 1094, Azerbaijan","https://www.google.com/maps/search/?api=1&query=Baku%20Castle%20Bilgah&query_place_id=ChIJGYNxyA7xMEARoM_8IBJ9PFM"
"","ChIJpTaRJxF9MEARa4Ql6CgPGzE","Lahori Chaska restaurant Baku","restaurant","4.7","42","","Asian restaurant","centre","şəhəri, 46 Rasul Raza küç Bakı şəhəri 46 Rasul Raza küç, Baku 1005, Azerbaijan","https://www.google.com/maps/search/?api=1&query=Lahori%20Chaska%20restaurant%20Baku&query_place_id=ChIJpTaRJxF9MEARa4Ql6CgPGzE"
"","ChIJf8M8Sz59MEARFfooxytknb4","Emiland Boutique","restaurant","4.6","41","","Restaurant","centre","13 Sabit Orujov Street, Baku, Azerbaijan","https://www.google.com/maps/search/?api=1&query=Emiland%20Boutique&query_place_id=ChIJf8M8Sz59MEARFfooxytknb4"
"","ChIJT7tcgSRfMEARIyXsIjRkNag","Burger Bey","quick_bites","4.5","41","","Hamburger restaurant","centre","76c Sergey Yesenin, Mərdakən, Azerbaijan","https://www.google.com/maps/search/?api=1&query=Burger%20Bey&query_place_id=ChIJT7tcgSRfMEARIyXsIjRkNag"
"","ChIJqbelOV59MEARoCsI_v-XG5Q","Loft Restoran","restaurant","4.2","40","","Restaurant","centre","19A Mirali Seyidov, Baku 1138, Azerbaijan","https://www.google.com/maps/search/?api=1&query=Loft%20Restoran&query_place_id=ChIJqbelOV59MEARoCsI_v-XG5Q"
"","ChIJhZyXWQB9MEARslhGCiKoWD4","Tambura","restaurant","4.9","38","","Turkish restaurant","centre","Mehdi Mehdizadeh Street, Baku, Azerbaijan","https://www.google.com/maps/search/?api=1&query=Tambura&query_place_id=ChIJhZyXWQB9MEARslhGCiKoWD4"
"","ChIJJ_TuTwB9MEARu9PwNtCCZv8","Ojakhuri baku","restaurant","4.7","38","","Restaurant","centre","1000 Khojali Avenue, Baku 1005, Azerbaijan","https://www.google.com/maps/search/?api=1&query=Ojakhuri%20baku&query_place_id=ChIJJ_TuTwB9MEARu9PwNtCCZv8"
"","ChIJzSYDlUl9MEARgBLXhjqkurU","Watermelon Lounge","lounge_hookah","3.2","38","","Restaurant","centre","58x Bulbul Ave, Baku, Azerbaijan","https://www.google.com/maps/search/?api=1&query=Watermelon%20Lounge&query_place_id=ChIJzSYDlUl9MEARgBLXhjqkurU"
"","ChIJF62_q12LMEARBMeC8ArZj-M","Pizza Mizza Zabrat","restaurant","4.7","37","","Pizza restaurant","centre","Unnamed Road, Baku, Azerbaijan","https://www.google.com/maps/search/?api=1&query=Pizza%20Mizza%20Zabrat&query_place_id=ChIJF62_q12LMEARBMeC8ArZj-M"
"","ChIJZcMdipJfMEARxIIiPnK-ZqA","Domino's Pizza Mərdəkan","restaurant","4.5","37","","Pizza restaurant","centre","98A, S.Yesenin küçəsi, Mardakan 1044, Azerbaijan","https://www.google.com/maps/search/?api=1&query=Domino's%20Pizza%20M%C9%99rd%C9%99kan&query_place_id=ChIJZcMdipJfMEARxIIiPnK-ZqA"
"","ChIJF4LGxfKLOkARQhvK7Ik1hrE","Old Karvansaray","","4.2","37","","Historical landmark","centre","5FJG+GXR, Sangachal, Azerbaijan","https://www.google.com/maps/search/?api=1&query=Old%20Karvansaray&query_place_id=ChIJF4LGxfKLOkARQhvK7Ik1hrE"
"","ChIJHQbzkBlfMEARe8C_bVGmsng","Abant Kahvecisi Merdekan","","4.4","35","","Coffee store","centre","küçesi No 1, Merdeken gasabası, Bakı şeheri,Xazar reyonu, Sergey Yesenin, Baku 1044, Azerbaijan","https://www.google.com/maps/search/?api=1&query=Abant%20Kahvecisi%20Merdekan&query_place_id=ChIJHQbzkBlfMEARe8C_bVGmsng"
"","ChIJibg1CznxMEARave_qii9Ask","Amburan Winter Garden","restaurant","4","35","","Restaurant","centre","zagulba highway bilgah, Baku 1094, Azerbaijan","https://www.google.com/maps/search/?api=1&query=Amburan%20Winter%20Garden&query_place_id=ChIJibg1CznxMEARave_qii9Ask"
"","ChIJS-yHvHp9MEARn1xjpy2H-lQ","Qədim Qəbələ Mərdəkan (Buzovna Şüvəlan Yolu)","restaurant","3.9","35","","Restaurant","centre","Şosesi, Bakı, Azerbaijan","https://www.google.com/maps/search/?api=1&query=Q%C9%99dim%20Q%C9%99b%C9%99l%C9%99%20M%C9%99rd%C9%99kan%20(Buzovna%20%C5%9E%C3%BCv%C9%99lan%20Yolu)&query_place_id=ChIJS-yHvHp9MEARn1xjpy2H-lQ"
"","ChIJccErUAx9MEARGt-NrUg9sls","Cənnət Gəncə","restaurant","4.5","34","","Restaurant","centre","District Court, Ahmed Agaoglu 26, Narimanov, Baku, Azerbaijan","https://www.google.com/maps/search/?api=1&query=C%C9%99nn%C9%99t%20G%C9%99nc%C9%99&query_place_id=ChIJccErUAx9MEARGt-NrUg9sls"
"","ChIJORHUMT9jMEARVGNULkKV3hM","AkDeniz Fish Restaurant","restaurant","4.4","34","","Restaurant","centre","61 Rustam Rustamov, Baku 1095, Azerbaijan","https://www.google.com/maps/search/?api=1&query=AkDeniz%20Fish%20Restaurant&query_place_id=ChIJORHUMT9jMEARVGNULkKV3hM"
"","ChIJd8jqTgCTMEARjSfJPTrPNKw","Daglilar balıq evi Novxanı","restaurant","4.3","34","","Restaurant","centre","HQFF+JCP, Novxanı, Azerbaijan","https://www.google.com/maps/search/?api=1&query=Daglilar%20bal%C4%B1q%20evi%20Novxan%C4%B1&query_place_id=ChIJd8jqTgCTMEARjSfJPTrPNKw"
"","ChIJyU9TpUVfMEAReH7uS-jOQi0","Duz-Çörək","restaurant","4.2","34","","Restaurant","centre","Buzovna-Şüvəlan şosesi, 1000, Azerbaijan","https://www.google.com/maps/search/?api=1&query=Duz-%C3%87%C3%B6r%C9%99k&query_place_id=ChIJyU9TpUVfMEAReH7uS-jOQi0"
"","ChIJkwLFOgBfMEAR01BkLVFO3lY","Rubai restoranı","restaurant","4.2","33","","Restaurant","centre","F5P7+R87, Mardakan, Azerbaijan","https://www.google.com/maps/search/?api=1&query=Rubai%20restoran%C4%B1&query_place_id=ChIJkwLFOgBfMEAR01BkLVFO3lY"
"","ChIJyStIHS3zMEARD2BzaCPicyo","Balıqçı Həmidin Restoranı","restaurant","3.9","33","","Restaurant","centre","Nardaran, Bakı 1039, Azerbaijan","https://www.google.com/maps/search/?api=1&query=Bal%C4%B1q%C3%A7%C4%B1%20H%C9%99midin%20Restoran%C4%B1&query_place_id=ChIJyStIHS3zMEARD2BzaCPicyo"
"","ChIJs_B49Z1jMEARC54sknUasyk","Qədim Faxralı","restaurant","4.7","32","","Georgian restaurant","centre","Kamil Balakishiyev St, Baku, Azerbaijan","https://www.google.com/maps/search/?api=1&query=Q%C9%99dim%20Faxral%C4%B1&query_place_id=ChIJs_B49Z1jMEARC54sknUasyk"
"","ChIJ13qDrRRfMEARzujBDuSvC6k","Drmeat Buzovna","restaurant","4.4","32","","Restaurant","centre","Xəzər rayonu, Buzovna qəsəbəsi, Təzə yol, Bakü 1044, Azerbaijan","https://www.google.com/maps/search/?api=1&query=Drmeat%20Buzovna&query_place_id=ChIJ13qDrRRfMEARzujBDuSvC6k"
"","ChIJz5Qbz159MEARlf37oDSPrIM","Mitz Burger","quick_bites","4.3","32","","Fast food restaurant","centre","ZEFİR MALL, Baku, Azerbaijan","https://www.google.com/maps/search/?api=1&query=Mitz%20Burger&query_place_id=ChIJz5Qbz159MEARlf37oDSPrIM"
"","ChIJw2cAeC99MEAR7Kbp_x25fJg","Palato Cafe","restaurant","4.7","31","","Italian restaurant","centre","17 Rashid Behbudov St, Baku, Azerbaijan","https://www.google.com/maps/search/?api=1&query=Palato%20Cafe&query_place_id=ChIJw2cAeC99MEAR7Kbp_x25fJg"
"","ChIJcbxLOYCHMEARdUPmHiVqPHE","Restoran N-FES","restaurant","4.6","31","","Restaurant","centre","Azər Əliyev, Nasimi, Baku, Azerbaijan","https://www.google.com/maps/search/?api=1&query=Restoran%20N-FES&query_place_id=ChIJcbxLOYCHMEARdUPmHiVqPHE"
"","ChIJcxHQBwDzMEAR09lMC0YK8p4","MAIZE","restaurant","3.9","31","","Restaurant","centre","HXRH+RGH, Nardaran, Azerbaijan","https://www.google.com/maps/search/?api=1&query=MAIZE&query_place_id=ChIJcxHQBwDzMEAR09lMC0YK8p4"
"","ChIJBYi8iarxMEARwZWkK4nir4o","BİR İKİ Döner Shop Amburan Mall","quick_bites","3.8","31","","Fast food restaurant","Bilgah, Azerbaijan","Amburan Mall, Bilgəh, Baku 1000, Azerbaijan","https://www.google.com/maps/search/?api=1&query=B%C4%B0R%20%C4%B0K%C4%B0%20D%C3%B6ner%20Shop%20Amburan%20Mall&query_place_id=ChIJBYi8iarxMEARwZWkK4nir4o"
"","ChIJ7WpaAU2HMEARatyDQmF9QZ4","""Qəbələ Təndir"" restoranı","restaurant","4.6","30","","Restaurant","centre","62 Ataturk avenue, Baku, Azerbaijan","https://www.google.com/maps/search/?api=1&query=%22Q%C9%99b%C9%99l%C9%99%20T%C9%99ndir%22%20restoran%C4%B1&query_place_id=ChIJ7WpaAU2HMEARatyDQmF9QZ4"
"","ChIJOag2SQBfMEARIEf3fUltMVg","OLD TBİLİSİ","restaurant","4.5","30","","Georgian restaurant","centre","G424+77X, Azerbaijan","https://www.google.com/maps/search/?api=1&query=OLD%20TB%C4%B0L%C4%B0S%C4%B0&query_place_id=ChIJOag2SQBfMEARIEf3fUltMVg"
"","ChIJ_Wzkmpn1MEARpos_yMt82yo","Forel Restoran","restaurant","4.4","30","","Restaurant","centre","Mardakan, Azerbaijan","https://www.google.com/maps/search/?api=1&query=Forel%20Restoran&query_place_id=ChIJ_Wzkmpn1MEARpos_yMt82yo"
"","ChIJG7E58xh9MEARtszOXz6W0N8","Leo Private Cinema Rooms","restaurant","4.4","30","","Restaurant","centre","49 ул. Физули, Baku 1000, Azerbaijan","https://www.google.com/maps/search/?api=1&query=Leo%20Private%20Cinema%20Rooms&query_place_id=ChIJG7E58xh9MEARtszOXz6W0N8"
"","ChIJHxUD6-uLMEAR38TqxGcPKZk","Köz Dönər Qədirxum","restaurant","4.3","30","","Restaurant","centre","Zabrat 2 Dairəsinin yaxınlığı, Baku, Azerbaijan","https://www.google.com/maps/search/?api=1&query=K%C3%B6z%20D%C3%B6n%C9%99r%20Q%C9%99dirxum&query_place_id=ChIJHxUD6-uLMEAR38TqxGcPKZk"
"","ChIJSU9p6FZ9MEARET6U5p0_D2Q","Güngöroğlu Paxlava","","4.2","30","","Sweets and dessert buffet","centre","111A Badandar şossesi, Baku, Azerbaijan","https://www.google.com/maps/search/?api=1&query=G%C3%BCng%C3%B6ro%C4%9Flu%20Paxlava&query_place_id=ChIJSU9p6FZ9MEARET6U5p0_D2Q"
"","ChIJD1k-hznnOkAREjmK3EE-oKU","Alat Ailevi Liman Restorani","restaurant","4.1","30","","Restaurant","centre","XC84+7W6 Liman Restoranı, Ələt qəsəbəsi, Ələt, Azerbaijan","https://www.google.com/maps/search/?api=1&query=Alat%20Ailevi%20Liman%20Restorani&query_place_id=ChIJD1k-hznnOkAREjmK3EE-oKU"
"","ChIJaWF8eKF9MEARHGcIxNzEpkA","Black City Lounge & Terrace","lounge_hookah","3.8","30","","Restaurant","centre","4C Khagani Rustamov St, Baku 1010, Azerbaijan","https://www.google.com/maps/search/?api=1&query=Black%20City%20Lounge%20%26%20Terrace&query_place_id=ChIJaWF8eKF9MEARHGcIxNzEpkA"
"","ChIJcTy6WwBZMEAR4k5Gkk5JVfY","Bihter Baku Merdekan","restaurant","5","29","","Turkish restaurant","centre","Güney Azerbaycan mərdakan, bakü 1001, Azerbaijan","https://www.google.com/maps/search/?api=1&query=Bihter%20Baku%20Merdekan&query_place_id=ChIJcTy6WwBZMEAR4k5Gkk5JVfY"
"","ChIJpa0czt19MEARUbUWh8SOmZY","Palazzo Food Court","restaurant","4.9","29","","Restaurant","centre","Bakı Şeheri, 86D Xaqani, Baku, Azerbaijan","https://www.google.com/maps/search/?api=1&query=Palazzo%20Food%20Court&query_place_id=ChIJpa0czt19MEARUbUWh8SOmZY"
"","ChIJRZeQCwB9MEARPSZmO-JPJN4","Bursa Kebap Evi - Sevinc Mall","restaurant","4.7","29","","Turkish restaurant","centre","5, 1002 Tofig Abbasov St, Baku 1002, Azerbaijan","https://www.google.com/maps/search/?api=1&query=Bursa%20Kebap%20Evi%20-%20Sevinc%20Mall&query_place_id=ChIJRZeQCwB9MEARPSZmO-JPJN4"
"","ChIJlSHu5hZjMEARSWb3MHnIbpU","IMBEER BAKU","restaurant","4.5","29","","Restaurant","centre","19 Samadbey Mehmandarov Pros, Baku, Azerbaijan","https://www.google.com/maps/search/?api=1&query=IMBEER%20BAKU&query_place_id=ChIJlSHu5hZjMEARSWb3MHnIbpU"
"","ChIJAZMUMDRiMEARofsaKHQPKt4","Praga Pub","bar_pub","4.3","29","","Restaurant","centre","CXC9+XW6, Baku, Azerbaijan","https://www.google.com/maps/search/?api=1&query=Praga%20Pub&query_place_id=ChIJAZMUMDRiMEARofsaKHQPKt4"
"","ChIJZ6fzObfzMEARQ6CVgeR_iac","Vida Cafe","restaurant","5","28","","Restaurant","centre","Sea Breeze Resort, 31 Dalan, Nardaran 1005, Azerbaijan","https://www.google.com/maps/search/?api=1&query=Vida%20Cafe&query_place_id=ChIJZ6fzObfzMEARQ6CVgeR_iac"
"","ChIJ9Q1jd8l9MEARhauP0q2Q4Sk","Qebele Araz Restoran","restaurant","4.6","28","","Restaurant","centre","CV2P+MH6 ECM plant, Baku, Azerbaijan","https://www.google.com/maps/search/?api=1&query=Qebele%20Araz%20Restoran&query_place_id=ChIJ9Q1jd8l9MEARhauP0q2Q4Sk"
"","ChIJ1cq0gVnzMEAR26DP-Cnp01I","Giotto Restaurant Marina","restaurant","4.5","28","","Italian restaurant","centre","HWMW+XC, Nardaran, Azerbaijan","https://www.google.com/maps/search/?api=1&query=Giotto%20Restaurant%20Marina&query_place_id=ChIJ1cq0gVnzMEAR26DP-Cnp01I"
"","ChIJeWAJJBpfMEAREOFkwbxnr14","Papa John's Şüvəlan Park Ticarət Mərkəzi","restaurant","4.4","28","","Pizza restaurant","centre","Almaz Ildırımlı, 68 Zahid Gambarov St, Baku 1001, Azerbaijan","https://www.google.com/maps/search/?api=1&query=Papa%20John's%20%C5%9E%C3%BCv%C9%99lan%20Park%20Ticar%C9%99t%20M%C9%99rk%C9%99zi&query_place_id=ChIJeWAJJBpfMEAREOFkwbxnr14"
"","ChIJ26jE26qLMEAR031EcAede2o","Luver Wedding House","restaurant","4.4","28","","Restaurant","centre","FXR3+MVG, Zabrat, Azerbaijan","https://www.google.com/maps/search/?api=1&query=Luver%20Wedding%20House&query_place_id=ChIJ26jE26qLMEAR031EcAede2o"
"","ChIJnb_Y86OIOkAReDqR7CGEzpQ","Xezri Restaran","restaurant","3.9","28","","Restaurant","centre","6HCG+38V, Ümid qəsəbəsi, Azerbaijan","https://www.google.com/maps/search/?api=1&query=Xezri%20Restaran&query_place_id=ChIJnb_Y86OIOkAReDqR7CGEzpQ"
"","ChIJzbqo4g3uOkARO5RNh5ED8qw","Qızılqum Restoranı","restaurant","3.8","28","","Restaurant","centre","3C38+J97, Qobustan, Azerbaijan","https://www.google.com/maps/search/?api=1&query=Q%C4%B1z%C4%B1lqum%20Restoran%C4%B1&query_place_id=ChIJzbqo4g3uOkARO5RNh5ED8qw"
"","ChIJJ3N-Igf1MEAR3BFNyVeWlDk","Keyfi Ət Dönər","quick_bites","3.8","28","","Fast food restaurant","centre","G2J3+VWG, Azerbaijan","https://www.google.com/maps/search/?api=1&query=Keyfi%20%C6%8Ft%20D%C3%B6n%C9%99r&query_place_id=ChIJJ3N-Igf1MEAR3BFNyVeWlDk"
"","ChIJP8FcMQDzMEARYGY2NKxCyVM","Beerbasha Pub Seabreeze","bar_pub","2.7","28","","Beer hall","centre","HXRH+Q7, Nardaran, Azerbaijan","https://www.google.com/maps/search/?api=1&query=Beerbasha%20Pub%20Seabreeze&query_place_id=ChIJP8FcMQDzMEARYGY2NKxCyVM"
"","ChIJzXXsLh7zMEARNd2GxK2QNlg","Zen Seabreeze","cafe_coffee","4.9","27","","Pan-Asian restaurant","centre","Marina Village Sea Breeze, Baku 1088, Azerbaijan","https://www.google.com/maps/search/?api=1&query=Zen%20Seabreeze&query_place_id=ChIJzXXsLh7zMEARNd2GxK2QNlg"
"","ChIJOw07v5x9MEARQn0N6JjZC0M","Flame Restaurant","quick_bites","4.5","27","","Steak house","centre","3rd floor, City Park Mall, Baku, Azerbaijan","https://www.google.com/maps/search/?api=1&query=Flame%20Restaurant&query_place_id=ChIJOw07v5x9MEARQn0N6JjZC0M"
"","ChIJ94s6FeZhMEARoUGnG0thU00","Tbilisi Garden","restaurant","4.4","27","","Restaurant","centre","1 Ilgar Mammadov, Bakı, Azerbaijan","https://www.google.com/maps/search/?api=1&query=Tbilisi%20Garden&query_place_id=ChIJ94s6FeZhMEARoUGnG0thU00"
"","ChIJT0_NJyP1MEARoQywWJU6Ymc","Alov Dönər","quick_bites","4.3","27","","Fast food restaurant","centre","26 Rasim Imanov, Buzovna 0041, Azerbaijan","https://www.google.com/maps/search/?api=1&query=Alov%20D%C3%B6n%C9%99r&query_place_id=ChIJT0_NJyP1MEARoQywWJU6Ymc"
"","ChIJnSLOvph5MEAR8znVM1o-AlA","Marmaris","restaurant","3.7","27","","Restaurant","centre","8R43+695, Baku, Azerbaijan","https://www.google.com/maps/search/?api=1&query=Marmaris&query_place_id=ChIJnSLOvph5MEAR8znVM1o-AlA"
"","ChIJYTRmv3HxMEARgIuNYhkO0Vs","TAP QUTAB","restaurant","3.1","27","","Restaurant","centre|Bilgah, Azerbaijan","Bilgah, Azerbaijan","https://www.google.com/maps/search/?api=1&query=TAP%20QUTAB&query_place_id=ChIJYTRmv3HxMEARgIuNYhkO0Vs"
"","ChIJQzXDXQB9MEARb6oFe8qLso8","Caspian RestoPub","restaurant","5","26","","Restaurant","centre","şəhəri, Natəvan döngəsi, Baku, Azerbaijan","https://www.google.com/maps/search/?api=1&query=Caspian%20RestoPub&query_place_id=ChIJQzXDXQB9MEARb6oFe8qLso8"
"","ChIJjT8tFgCJOkARnqaNgm40FnE","AcıbəyÇiyköftə","restaurant","4.9","26","","Family restaurant","centre","6HFH+86W, Ümid qəsəbəsi, Azerbaijan","https://www.google.com/maps/search/?api=1&query=Ac%C4%B1b%C9%99y%C3%87iyk%C3%B6ft%C9%99&query_place_id=ChIJjT8tFgCJOkARnqaNgm40FnE"
"","ChIJxUU_JqaJOkARq83yrlwDGZo","Nurano","cafe_coffee","4.6","26","","Coffee shop","centre","5 Baku-Alat-Gazakh-Georgia Hwy, Azerbaijan","https://www.google.com/maps/search/?api=1&query=Nurano&query_place_id=ChIJxUU_JqaJOkARq83yrlwDGZo"
"","ChIJg-trwOF9MEARFr2GwS5dHe8","Organica Bakery 2","dessert_bakery","4.3","26","","Bakery","centre","9VG2+8JC, Baku, Azerbaijan","https://www.google.com/maps/search/?api=1&query=Organica%20Bakery%202&query_place_id=ChIJg-trwOF9MEARFr2GwS5dHe8"
"","ChIJCQpqvyNfMEARvEofWN6RrkU","Kartuli Sakhli","dessert_bakery","4.8","25","","Bakery","centre","92F Sergey Yesenin, Mardakan 1044, Azerbaijan","https://www.google.com/maps/search/?api=1&query=Kartuli%20Sakhli&query_place_id=ChIJCQpqvyNfMEARvEofWN6RrkU"
"","ChIJFVUMKRBjMEARdPk9-tRffxA","Ağadayi restaurant","restaurant","4.8","25","","Restaurant","centre","Nizami rayonu,Babək prospekti, küç 4 Şərq, Baku 1022, Azerbaijan","https://www.google.com/maps/search/?api=1&query=A%C4%9Fadayi%20restaurant&query_place_id=ChIJFVUMKRBjMEARdPk9-tRffxA"
"","ChIJBa7CQ8JeMEARpaWEIrtgXqM","Shale","restaurant","4.6","25","","Restaurant","centre","F5M6+PHF, Mardakan, Azerbaijan","https://www.google.com/maps/search/?api=1&query=Shale&query_place_id=ChIJBa7CQ8JeMEARpaWEIrtgXqM"
"","ChIJO1I2Hb6GOkARjZDlF9o9rVw","Montenegro","","4.5","25","","Hotel","centre","7J5V+FH8, Baku, Azerbaijan","https://www.google.com/maps/search/?api=1&query=Montenegro&query_place_id=ChIJO1I2Hb6GOkARjZDlF9o9rVw"
"","ChIJqb3w8LdZMEARf5PYzxQovf0","Bagda Restoran","restaurant","4.4","25","","Restaurant","centre","Mardakan 1001, Azerbaijan","https://www.google.com/maps/search/?api=1&query=Bagda%20Restoran&query_place_id=ChIJqb3w8LdZMEARf5PYzxQovf0"
"","ChIJb64TYlfxMEAR2g93mUvhgDw","SignoraCucina","restaurant","4.4","25","","Italian restaurant","centre","Amburan Mall, Bilgəh, Azerbaijan","https://www.google.com/maps/search/?api=1&query=SignoraCucina&query_place_id=ChIJb64TYlfxMEAR2g93mUvhgDw"
"","ChIJH9Vq31J9MEARpy1nKqHta3E","Gutab House Ganjlik","restaurant","3.6","25","","Restaurant","centre","Mirali Gashgai, Baku 1000, Azerbaijan","https://www.google.com/maps/search/?api=1&query=Gutab%20House%20Ganjlik&query_place_id=ChIJH9Vq31J9MEARpy1nKqHta3E"
"","ChIJ89rkfXWHMEARlpl010FWau0","Baku Sushi Delivery","restaurant","4.8","24","","Sushi restaurant","centre","salatin Əsgərova küçəsi, Baku, Azerbaijan","https://www.google.com/maps/search/?api=1&query=Baku%20Sushi%20Delivery&query_place_id=ChIJ89rkfXWHMEARlpl010FWau0"
"","ChIJn4-5REBjMEARHkrm_BTj7-o","Cigköfteci Semih Usta","restaurant","4.8","24","","Turkish restaurant","centre","CW8P+QF9, Baku 1052, Azerbaijan","https://www.google.com/maps/search/?api=1&query=Cigk%C3%B6fteci%20Semih%20Usta&query_place_id=ChIJn4-5REBjMEARHkrm_BTj7-o"
"","ChIJz052dLb1MEAR2_1glZK_okc","Malikhane Restaurant","restaurant","4.5","24","","Restaurant","centre","Mastaga qəs, Malikhane 1039, Azerbaijan","https://www.google.com/maps/search/?api=1&query=Malikhane%20Restaurant&query_place_id=ChIJz052dLb1MEAR2_1glZK_okc"
"","ChIJqyyDTQBfMEAReSrQx0qvxpM","Pxali Xinkali (Şüvəlan)","quick_bites","4.1","24","","Pizza restaurant","centre","F5J7+PHJ, Mardakan, Azerbaijan","https://www.google.com/maps/search/?api=1&query=Pxali%20Xinkali%20(%C5%9E%C3%BCv%C9%99lan)&query_place_id=ChIJqyyDTQBfMEAReSrQx0qvxpM"
"","ChIJtRDyHw7zMEARRe6Pbzrzbn0","BEACH CLUB Restaurant","restaurant","4.5","23","","Restaurant","centre","HXQF+8VW, Nardaran, Azerbaijan","https://www.google.com/maps/search/?api=1&query=BEACH%20CLUB%20Restaurant&query_place_id=ChIJtRDyHw7zMEARRe6Pbzrzbn0"
"","ChIJoa3cTAB9MEARebN0uzDlq4M","Marani Georgian Restaurant","restaurant","4.3","23","","Restaurant","centre","29 Qurban Abbasov, Bakı, Azerbaijan","https://www.google.com/maps/search/?api=1&query=Marani%20Georgian%20Restaurant&query_place_id=ChIJoa3cTAB9MEARebN0uzDlq4M"
"","ChIJ34Uf4dFYMEARgRgrs4yIcTY","Sunrise Lounge Restoran Cinema","lounge_hookah","4.3","23","","Restaurant","centre","Movsumu Baglari, 0059 0002 yeni yol, Azerbaijan","https://www.google.com/maps/search/?api=1&query=Sunrise%20Lounge%20Restoran%20Cinema&query_place_id=ChIJ34Uf4dFYMEARgRgrs4yIcTY"
"","ChIJ9Q0VxJiTMEARtySzqmpSZkA","Zoğal Restaurant Novxanı","restaurant","4.3","23","","Restaurant","centre","Novxanı, Azerbaijan","https://www.google.com/maps/search/?api=1&query=Zo%C4%9Fal%20Restaurant%20Novxan%C4%B1&query_place_id=ChIJ9Q0VxJiTMEARtySzqmpSZkA"
"","ChIJL83oEUuRMEARsXSLE6caVWQ","N Garden Restaurant","restaurant","4.3","23","","Restaurant","Novxanı, Azerbaijan","GQRM+CG6, Novkhany, Azerbaijan","https://www.google.com/maps/search/?api=1&query=N%20Garden%20Restaurant&query_place_id=ChIJL83oEUuRMEARsXSLE6caVWQ"
"","ChIJMy6tZgBZMEARbev-qX0Bqgg","Şəki qala restoran mərdəkan / sheki gala restaurant mardakan","restaurant","2.5","23","","Restaurant","Mardakan, Azerbaijan","Buzovna şüvəlan yolu, Baku, Azerbaijan","https://www.google.com/maps/search/?api=1&query=%C5%9E%C9%99ki%20qala%20restoran%20m%C9%99rd%C9%99kan%20%2F%20sheki%20gala%20restaurant%20mardakan&query_place_id=ChIJMy6tZgBZMEARbev-qX0Bqgg"
"","ChIJZwgJbTRfMEARAn_Epbbwv94","BABUSH Coffee & Bakery","cafe_coffee","4.9","22","","Coffee shop","centre","76c Sergey Yesenin, Mərdakən, Azerbaijan","https://www.google.com/maps/search/?api=1&query=BABUSH%20Coffee%20%26%20Bakery&query_place_id=ChIJZwgJbTRfMEARAn_Epbbwv94"
"","ChIJaeY9UuWHMEARt4o7oc3v8Fk","Car Club Karaoke","restaurant","4.3","22","","Restaurant","centre","65 A Ataturk avenue, Baku, Azerbaijan","https://www.google.com/maps/search/?api=1&query=Car%20Club%20Karaoke&query_place_id=ChIJaeY9UuWHMEARt4o7oc3v8Fk"
"","ChIJ802mVgDxMEARlKFQEnyBUuM","Coffee Hub","cafe_coffee","4.4","21","","Coffee shop","centre","H3Q5+F25, Bilgah, Azerbaijan","https://www.google.com/maps/search/?api=1&query=Coffee%20Hub&query_place_id=ChIJ802mVgDxMEARlKFQEnyBUuM"
"","ChIJg6H5YqaHMEAR05JkCoyad84","Sushi-Nooshi","restaurant","3.8","21","","Sushi restaurant","centre","Jafar Khandan St, Baku, Azerbaijan","https://www.google.com/maps/search/?api=1&query=Sushi-Nooshi&query_place_id=ChIJg6H5YqaHMEAR05JkCoyad84"
"","ChIJx62sDtPxMEARJY0XXmG6fEE","Uzuk restaurant","restaurant","3.5","21","","Restaurant","centre","94 Qelebe str, Bilgah, Azerbaijan","https://www.google.com/maps/search/?api=1&query=Uzuk%20restaurant&query_place_id=ChIJx62sDtPxMEARJY0XXmG6fEE"
"","ChIJPxWj_S9_MEARWlFat4myZ1s","Zir Lounge","lounge_hookah","5","20","","Hookah bar","centre","Tofiq Məmmədov 3, Baku, Azerbaijan","https://www.google.com/maps/search/?api=1&query=Zir%20Lounge&query_place_id=ChIJPxWj_S9_MEARWlFat4myZ1s"
"","ChIJ79k_93z1MEARCyxOwXidvRg","Fazenda rooms restaurant","restaurant","4.9","20","","Restaurant","centre","Mehdi Hüseynzadə küçəsi, Baku, Azerbaijan","https://www.google.com/maps/search/?api=1&query=Fazenda%20rooms%20restaurant&query_place_id=ChIJ79k_93z1MEARCyxOwXidvRg"
"","ChIJr6V7Bi19MEAR1fDB575Qxgk","Palaz | Azerbaijan kitchen","restaurant","4.6","20","","Middle Eastern restaurant","centre","9R9M+JPR, Baku, Azerbaijan","https://www.google.com/maps/search/?api=1&query=Palaz%20%7C%20Azerbaijan%20kitchen&query_place_id=ChIJr6V7Bi19MEAR1fDB575Qxgk"
"","ChIJO5oYJb_zMEARNW53lDFzORk","Le Pain Quotidien","restaurant","4.6","20","","Restaurant","centre","Sea Breeze Resort, Nardaran, Azerbaijan","https://www.google.com/maps/search/?api=1&query=Le%20Pain%20Quotidien&query_place_id=ChIJO5oYJb_zMEARNW53lDFzORk"
"","ChIJMfIXzup9MEARAHXHyVrkrAg","Euphoria M.B. Şirniyyat","","4.4","20","","Sweets and dessert buffet","centre","9RG8+FQW, Baku 1141, Azerbaijan","https://www.google.com/maps/search/?api=1&query=Euphoria%20M.B.%20%C5%9Eirniyyat&query_place_id=ChIJMfIXzup9MEARAHXHyVrkrAg"
"","ChIJh_ws2npjMEARi067kz6xDO8","Gamarjoba Baku (Bakıxanov filialı)","restaurant","4.4","20","","Georgian restaurant","centre","Park Plyus T/M, 78 Mukhtar Fataliyev St, Baku 1092, Azerbaijan","https://www.google.com/maps/search/?api=1&query=Gamarjoba%20Baku%20(Bak%C4%B1xanov%20filial%C4%B1)&query_place_id=ChIJh_ws2npjMEARi067kz6xDO8"
"","ChIJaWQqWQB9MEARbVP6Zxwq2EQ","Burger Yiyelim 28 Mall","quick_bites","4.1","20","","Hamburger restaurant","centre","9RHW+GMV, 28 May St, Baku, Azerbaijan","https://www.google.com/maps/search/?api=1&query=Burger%20Yiyelim%2028%20Mall&query_place_id=ChIJaWQqWQB9MEARbVP6Zxwq2EQ"
"","ChIJ2WUWNBz1MEAR3C3-IhxonMI","Vətən Mərdəkan","restaurant","3.7","20","","Family restaurant","centre","G38W+3QV, Azerbaijan","https://www.google.com/maps/search/?api=1&query=V%C9%99t%C9%99n%20M%C9%99rd%C9%99kan&query_place_id=ChIJ2WUWNBz1MEAR3C3-IhxonMI"
"","ChIJT4Irrl6HMEAR15LMD0JxMUY","Restoran Kür (Balıq Evi)","restaurant","4.8","19","","Restaurant","centre","CRF5+3RJ, Mir Jalal, Baku, Azerbaijan","https://www.google.com/maps/search/?api=1&query=Restoran%20K%C3%BCr%20(Bal%C4%B1q%20Evi)&query_place_id=ChIJT4Irrl6HMEAR15LMD0JxMUY"
"","ChIJk0zPyh98MEAR8vn3ejWRmG0","Kafe Buta","restaurant","4.8","19","","Restaurant","centre","8RRR+W4R, Baku, Azerbaijan","https://www.google.com/maps/search/?api=1&query=Kafe%20Buta&query_place_id=ChIJk0zPyh98MEAR8vn3ejWRmG0"
"","ChIJmZFnVhPnOkARCIA1BXFI334","Murat Ailevi Restaurant","restaurant","4.6","19","","Family restaurant","centre","WCX2+3XW, Sülh küçəsi, Ələt, Azerbaijan","https://www.google.com/maps/search/?api=1&query=Murat%20Ailevi%20Restaurant&query_place_id=ChIJmZFnVhPnOkARCIA1BXFI334"
"","ChIJhbZlRNNfMEARKro5oqqTk14","BEER QOŞA","bar_pub","4.4","19","","Seafood restaurant","centre","Sergey Yesenin, Mardakan, Azerbaijan","https://www.google.com/maps/search/?api=1&query=BEER%20QO%C5%9EA&query_place_id=ChIJhbZlRNNfMEARKro5oqqTk14"
"","ChIJKyCdofxfMEAR1iAYYQOINBA","3 Mertebe Restaurant","restaurant","3.9","19","","Restaurant","centre","F5PG+386 Imperial restaurant, Almas İldırım, Mardakan, Azerbaijan","https://www.google.com/maps/search/?api=1&query=3%20Mertebe%20Restaurant&query_place_id=ChIJKyCdofxfMEAR1iAYYQOINBA"
"","ChIJRX8N2Ar0MEAR4polNk8Ga6s","Mirvari Şadlıq Sarayı","restaurant","3.5","19","","Restaurant","Bilgah, Azerbaijan","H25J+XQ3, Baku, Azerbaijan","https://www.google.com/maps/search/?api=1&query=Mirvari%20%C5%9Eadl%C4%B1q%20Saray%C4%B1&query_place_id=ChIJRX8N2Ar0MEAR4polNk8Ga6s"
"","ChIJh2JGCU2JOkARL4Yx-kzZi38","Nur Restaurant","restaurant","4.3","18","","Restaurant","centre","6HGH+X24, Ümid qəsəbəsi, Azerbaijan","https://www.google.com/maps/search/?api=1&query=Nur%20Restaurant&query_place_id=ChIJh2JGCU2JOkARL4Yx-kzZi38"
"","ChIJdywJaKlfMEARQhKZY8xTYlQ","El Restaurant & Club","restaurant","4.3","18","","Restaurant","centre","30 Almas İldırım, Mərdəkan, Azerbaijan","https://www.google.com/maps/search/?api=1&query=El%20Restaurant%20%26%20Club&query_place_id=ChIJdywJaKlfMEARQhKZY8xTYlQ"
"","ChIJqQPZfgDzMEARTc6YK3RiZUk","Chayxona","dessert_bakery","3.8","18","","Ice cream shop","centre","HXR7+7X3, Nardaran, Azerbaijan","https://www.google.com/maps/search/?api=1&query=Chayxona&query_place_id=ChIJqQPZfgDzMEARTc6YK3RiZUk"
"","ChIJV-5zQ4nzMEARpT1vITtz6VY","Balıq Seafood Restaurant","restaurant","3.7","18","","Seafood restaurant","centre","Bilgeh Melilov, Sossesi 1041, Azerbaijan","https://www.google.com/maps/search/?api=1&query=Bal%C4%B1q%20Seafood%20Restaurant&query_place_id=ChIJV-5zQ4nzMEARpT1vITtz6VY"
"","ChIJmVvZEADzMEARhG4QgjlI2i8","Gloria Jean's (Chiller + Coffee House)","cafe_coffee","3.6","18","","Coffee shop","centre","HXRJ+VP7 Sea Breeze, Nardaran, Azerbaijan","https://www.google.com/maps/search/?api=1&query=Gloria%20Jean's%20(Chiller%20%2B%20Coffee%20House)&query_place_id=ChIJmVvZEADzMEARhG4QgjlI2i8"
"","ChIJTVYE_g5fMEARw33t1KUxWB4","Şüvəlan PUB","bar_pub","4.8","17","","Bar","centre","F5M9+526, Mardakan, Azerbaijan","https://www.google.com/maps/search/?api=1&query=%C5%9E%C3%BCv%C9%99lan%20PUB&query_place_id=ChIJTVYE_g5fMEARw33t1KUxWB4"
"","ChIJy_4yHgCHMEARGmiAHAzV2r8","Chaynik Terrace Garden","restaurant","4.8","17","","Family restaurant","centre","63 Mir Jalal, Baku, Azerbaijan","https://www.google.com/maps/search/?api=1&query=Chaynik%20Terrace%20Garden&query_place_id=ChIJy_4yHgCHMEARGmiAHAzV2r8"
"","ChIJSasOfZBfMEAR5WC2uazfGA4","My Garden","restaurant","4.8","17","","Family restaurant","Mardakan, Azerbaijan","F49R+QPJ, Mardakan, Azerbaijan","https://www.google.com/maps/search/?api=1&query=My%20Garden&query_place_id=ChIJSasOfZBfMEAR5WC2uazfGA4"
"","ChIJDcQEGqh_MEARxgNCNf9tdRI","Delfin Restoran","restaurant","4.3","17","","Restaurant","centre","8Q4R+24W, Salyan Hwy, Azerbaijan","https://www.google.com/maps/search/?api=1&query=Delfin%20Restoran&query_place_id=ChIJDcQEGqh_MEARxgNCNf9tdRI"
"","ChIJS1MOcUSTMEARAUUiqd6oqJ0","Georgian Point Mardakan","restaurant","4.3","17","","Restaurant","centre","bakı 0119, Azerbaijan","https://www.google.com/maps/search/?api=1&query=Georgian%20Point%20Mardakan&query_place_id=ChIJS1MOcUSTMEARAUUiqd6oqJ0"
"","ChIJEcNVCwD1MEAR12fR0CLrBCA","Delmar Boutique Lounge","lounge_hookah","4.2","17","","Restaurant","centre","G4FC+5CP, Baku, Azerbaijan","https://www.google.com/maps/search/?api=1&query=Delmar%20Boutique%20Lounge&query_place_id=ChIJEcNVCwD1MEAR12fR0CLrBCA"
"","ChIJk9rRgR19MEARkls2AfN7pg4","Escape karaoke","bar_pub","3.2","17","","Night club","centre","127 Fatali Khan Khoyski, Baku, Azerbaijan","https://www.google.com/maps/search/?api=1&query=Escape%20karaoke&query_place_id=ChIJk9rRgR19MEARkls2AfN7pg4"
"","ChIJKxXWegBjMEARTl63I5-nm3A","Azerbaijani food","restaurant","5","16","","Azerbaijani restaurant","centre","C285+5CR Ateshgah of Baku, Baku, Azerbaijan","https://www.google.com/maps/search/?api=1&query=Azerbaijani%20food&query_place_id=ChIJKxXWegBjMEARTl63I5-nm3A"
"","ChIJQWbpS_B9MEARIGuVS_3FRYY","Reina Karaoke Baku","bar_pub","4.8","16","","Karaoke bar","centre","26 Samad Vurgun, Baku, Azerbaijan","https://www.google.com/maps/search/?api=1&query=Reina%20Karaoke%20Baku&query_place_id=ChIJQWbpS_B9MEARIGuVS_3FRYY"
"","ChIJ-0s2l26HMEARh23vAh_ugnA","Em-iş","restaurant","4.8","16","","Restaurant","centre","EMIS, Mir Cəlal, Bakı, Azerbaijan","https://www.google.com/maps/search/?api=1&query=Em-i%C5%9F&query_place_id=ChIJ-0s2l26HMEARh23vAh_ugnA"
"","ChIJS-wIhe19MEARgGrGBH8KGf0","On Off House","","4.8","16","","Dance club","centre","20 Tarlan Aliyarbeyov St, Baku 1005, Azerbaijan","https://www.google.com/maps/search/?api=1&query=On%20Off%20House&query_place_id=ChIJS-wIhe19MEARgGrGBH8KGf0"
"","ChIJTZiEWQCHMEARCFjT3s6hkZ4","Caffe dei Fiori","cafe_coffee","4.8","16","","Italian restaurant","centre","Ataturk avenue, Baku, Azerbaijan","https://www.google.com/maps/search/?api=1&query=Caffe%20dei%20Fiori&query_place_id=ChIJTZiEWQCHMEARCFjT3s6hkZ4"
"","ChIJHxpJC1p9MEARz3YX6JF2fhM","The 15th Restaurant & Terrace","restaurant","4.5","16","","Fine dining restaurant","centre","str. 210 M.Aliyev, Baku 1014, Azerbaijan","https://www.google.com/maps/search/?api=1&query=The%2015th%20Restaurant%20%26%20Terrace&query_place_id=ChIJHxpJC1p9MEARz3YX6JF2fhM"
"","ChIJGT9GtaF9MEARn_MgA_U9Yxc","Basement Music Bar","bar_pub","4.4","16","","Live music bar","centre","8A, Səbail ray, Hacı Zeynalabdin küç, Baku 1000, Azerbaijan","https://www.google.com/maps/search/?api=1&query=Basement%20Music%20Bar&query_place_id=ChIJGT9GtaF9MEARn_MgA_U9Yxc"
"","ChIJPcUR_4bzMEARGxDu2ICx6w0","Costa Coffee Sea Breeze","cafe_coffee","4.4","16","","Coffee shop","centre","Sea Breeze, Baku, Azerbaijan","https://www.google.com/maps/search/?api=1&query=Costa%20Coffee%20Sea%20Breeze&query_place_id=ChIJPcUR_4bzMEARGxDu2ICx6w0"
"","ChIJDxuKlKfxMEARlgkmWmDkYI4","Olivano Restaurant","restaurant","4.1","16","","Restaurant","centre|Mardakan, Azerbaijan","Mərdəkan Buzovna yolu, Bakı 1009, Azerbaijan","https://www.google.com/maps/search/?api=1&query=Olivano%20Restaurant&query_place_id=ChIJDxuKlKfxMEARlgkmWmDkYI4"
"","ChIJ42pOvSVfMEARlqljxa6cjVg","Adem kabab evi sagan","quick_bites","5","15","","Kebab shop","centre","Yeni unvan, Bakı 1191, Azerbaijan","https://www.google.com/maps/search/?api=1&query=Adem%20kabab%20evi%20sagan&query_place_id=ChIJ42pOvSVfMEARlqljxa6cjVg"
"","ChIJ5UUq1-99MEARwKbg92u4SiQ","Pane Amore e Fantasia Baku","restaurant","5","15","","Restaurant","centre","65 Khagani Street, Baku 1010, Azerbaijan","https://www.google.com/maps/search/?api=1&query=Pane%20Amore%20e%20Fantasia%20Baku&query_place_id=ChIJ5UUq1-99MEARwKbg92u4SiQ"
"","ChIJIe_IHryJOkARvG8qu9ms_CU","Sushi Mix Roll","restaurant","4.9","15","","Asian restaurant","centre","Rovsen Rzayev 86 Bakı, qəsəbəsi 1083, Azerbaijan","https://www.google.com/maps/search/?api=1&query=Sushi%20Mix%20Roll&query_place_id=ChIJIe_IHryJOkARvG8qu9ms_CU"
"","ChIJ-9JCaQBjMEAR8CWtFngNNyA","Peçat Dönər","restaurant","4.8","15","","Turkish restaurant","centre","CXHP+RPF, Baku, Azerbaijan","https://www.google.com/maps/search/?api=1&query=Pe%C3%A7at%20D%C3%B6n%C9%99r&query_place_id=ChIJ-9JCaQBjMEAR8CWtFngNNyA"
"","ChIJfzZctkhZMEARFVRsEHYx714","Top Qapı Restoran","restaurant","4.7","15","","Restaurant","centre","Hacı Zeynalabdin Tağıyev 86, Mərdəkan, Bakı 1044, Azerbaijan","https://www.google.com/maps/search/?api=1&query=Top%20Qap%C4%B1%20Restoran&query_place_id=ChIJfzZctkhZMEARFVRsEHYx714"
"","ChIJ0zzCZ2P1MEARp5AwJn0oFE4","Köz Dönər Bəhruz","restaurant","4.4","15","","Restaurant","centre","31 Heydər Eyvazov, Baku, Azerbaijan","https://www.google.com/maps/search/?api=1&query=K%C3%B6z%20D%C3%B6n%C9%99r%20B%C9%99hruz&query_place_id=ChIJ0zzCZ2P1MEARp5AwJn0oFE4"
"","ChIJx0Cnq7Z9MEARbaNvRYiF_ko","Old Tbilisi Restaurant","restaurant","4.3","15","","Georgian restaurant","centre","9 Tarlan Aliyarbeyov St, Baku 1005, Azerbaijan","https://www.google.com/maps/search/?api=1&query=Old%20Tbilisi%20Restaurant&query_place_id=ChIJx0Cnq7Z9MEARbaNvRYiF_ko"
"","ChIJ0S53wTN9MEARqAPPQ6Qcgk4","Level Karaoke Rooms","restaurant","4.2","15","","Restaurant","centre","146 Salatın Əsgərova, Baku 1010, Azerbaijan","https://www.google.com/maps/search/?api=1&query=Level%20Karaoke%20Rooms&query_place_id=ChIJ0S53wTN9MEARqAPPQ6Qcgk4"
"","ChIJbYJgk2VfMEARno1Sx2zOcDo","Qala Park Restoran","restaurant","3.8","15","","Restaurant","Mardakan, Azerbaijan","F5P7+R87, Mardakan, Azerbaijan","https://www.google.com/maps/search/?api=1&query=Qala%20Park%20Restoran&query_place_id=ChIJbYJgk2VfMEARno1Sx2zOcDo"
"","ChIJtx4COhzzMEARfBZjeqjsb2k","L’azure Restaurant","restaurant","3.6","15","","Restaurant","centre","CaspiMayr, Sea Breeze Resort, Nardaran, Azerbaijan","https://www.google.com/maps/search/?api=1&query=L%E2%80%99azure%20Restaurant&query_place_id=ChIJtx4COhzzMEARfBZjeqjsb2k"
"","ChIJHbcFBULxMEARPwCYKdjgkBM","Hill Amburan","restaurant","2.3","15","","Restaurant","centre","Mardakan-Buzovna-Bilgah soshessi, Baku, Azerbaijan","https://www.google.com/maps/search/?api=1&query=Hill%20Amburan&query_place_id=ChIJHbcFBULxMEARPwCYKdjgkBM"
"","ChIJFcmrbpV9MEARzITLImcBCf4","Josbeer","restaurant","5","14","","Restaurant","centre","93 Ataturk avenue, Baku 1106, Azerbaijan","https://www.google.com/maps/search/?api=1&query=Josbeer&query_place_id=ChIJFcmrbpV9MEARzITLImcBCf4"
"","ChIJSx-xVgBfMEAR05oXRK-RpwQ","Cuppa Coffee","cafe_coffee","4.9","14","","Coffee shop","centre","G522+9J4, Haji Zeynalabdin Tagiyev, Mardakan, Azerbaijan","https://www.google.com/maps/search/?api=1&query=Cuppa%20Coffee&query_place_id=ChIJSx-xVgBfMEAR05oXRK-RpwQ"
"","ChIJVfkaGn6HMEARRh5dV-QcaDU","Ortaköy Restaurant Baku","cafe_coffee","4.7","14","","Turkish restaurant","centre","22A Asif Maharramov, Baku, Azerbaijan","https://www.google.com/maps/search/?api=1&query=Ortak%C3%B6y%20Restaurant%20Baku&query_place_id=ChIJVfkaGn6HMEARRh5dV-QcaDU"
"","ChIJx69saGeHMEARPI5Q3f5uEYA","Padishah Dessert Nakhchivani","dessert_bakery","4.6","14","","Cake shop","centre","Ajami Nakhchivani, Baku, Azerbaijan","https://www.google.com/maps/search/?api=1&query=Padishah%20Dessert%20Nakhchivani&query_place_id=ChIJx69saGeHMEARPI5Q3f5uEYA"
"","ChIJ2wJWEuhjMEARiwocOYOuE7E","IMBIR TEA HOUSE BAKIXANOV","tea_house","4.6","14","","Tea house","centre","Bakikhanov Residence ; Hüseyin Ərəblinski, 18 küç, Bakı, Azerbaijan","https://www.google.com/maps/search/?api=1&query=IMBIR%20TEA%20HOUSE%20BAKIXANOV&query_place_id=ChIJ2wJWEuhjMEARiwocOYOuE7E"
"","ChIJP5VR31ReMEAR1_hfLhbECiA","Bağ Evi Restaurant","restaurant","4.6","14","","Restaurant","centre","F4JF+746, Mardakan, Azerbaijan","https://www.google.com/maps/search/?api=1&query=Ba%C4%9F%20Evi%20Restaurant&query_place_id=ChIJP5VR31ReMEAR1_hfLhbECiA"
"","ChIJYXjuKt19MEARYvF4W8x0SUM","Eyvan Steak House","restaurant","4.4","14","","Restaurant","centre","100 Bəşir Səfəroğlu, Bakı 1009, Azerbaijan","https://www.google.com/maps/search/?api=1&query=Eyvan%20Steak%20House&query_place_id=ChIJYXjuKt19MEARYvF4W8x0SUM"
"","ChIJWbH5cJp9MEARCafHuMBnVdg","Legend karaoke & lounge","lounge_hookah","4.3","14","","Karaoke bar","centre","11t Bəsti Bağırova, Bakı, Azerbaijan","https://www.google.com/maps/search/?api=1&query=Legend%20karaoke%20%26%20lounge&query_place_id=ChIJWbH5cJp9MEARCafHuMBnVdg"
"","ChIJBUiWqKrxMEAR9X6TtaN3xwA","Günaydın | Bilgəh","restaurant","4.1","14","","Restaurant","centre","Əvvəlki ""dikiy"" plaj Bilgəh, Bakı 1094, Azerbaijan","https://www.google.com/maps/search/?api=1&query=G%C3%BCnayd%C4%B1n%20%7C%20Bilg%C9%99h&query_place_id=ChIJBUiWqKrxMEAR9X6TtaN3xwA"
"","ChIJL10ofwCRMEARA2y6RjEbnQc","Daglilar BaliqEvi","restaurant","4","14","","Family restaurant","Novxanı, Azerbaijan","HQ2J+6FV, Binagadi-Novkhany Hwy, Baku, Azerbaijan","https://www.google.com/maps/search/?api=1&query=Daglilar%20BaliqEvi&query_place_id=ChIJL10ofwCRMEARA2y6RjEbnQc"
"","ChIJeXgDQF3zMEARCOgHxKFT4Oc","Divas Karaoke","bar_pub","4.9","13","","Karaoke bar","centre","Sea Breeze Resort, Nardaran, Azerbaijan","https://www.google.com/maps/search/?api=1&query=Divas%20Karaoke&query_place_id=ChIJeXgDQF3zMEARCOgHxKFT4Oc"
"","ChIJLShJDd6JOkARvQ1bnpOb1PY","Kohne klub-Kristal sadliq sarayi","restaurant","4.6","13","","Family restaurant","centre","6HFG+5QM, Qəsəbə, Azerbaijan","https://www.google.com/maps/search/?api=1&query=Kohne%20klub-Kristal%20sadliq%20sarayi&query_place_id=ChIJLShJDd6JOkARvQ1bnpOb1PY"
"","ChIJ52tKvwJfMEARPb8uYDJBZhw","Evdad cafe","cafe_coffee","4.6","13","","Coffee shop","centre|Mardakan, Azerbaijan","F4PM+R9V, Mardakan, Azerbaijan","https://www.google.com/maps/search/?api=1&query=Evdad%20cafe&query_place_id=ChIJ52tKvwJfMEARPb8uYDJBZhw"
"","ChIJnSb_06F9MEARIEsjTGZs1EQ","Qəbələ Xanlar Buzovna","restaurant","4.6","13","","Restaurant","centre","Baku city, Fizuli Rustamov str, road, Azerbaijan","https://www.google.com/maps/search/?api=1&query=Q%C9%99b%C9%99l%C9%99%20Xanlar%20Buzovna&query_place_id=ChIJnSb_06F9MEARIEsjTGZs1EQ"
"","ChIJzU4lmRhjMEARI853noAvWZk","Faxralı xəngəlxana","restaurant","4.6","13","","Restaurant","centre","CXH5+C98, Baku, Azerbaijan","https://www.google.com/maps/search/?api=1&query=Faxral%C4%B1%20x%C9%99ng%C9%99lxana&query_place_id=ChIJzU4lmRhjMEARI853noAvWZk"
"","ChIJJ4q5JgCLMEARpheua0aa-8E","Za-brata","bar_pub","4.2","13","","Bar","centre","FWMP+8HW, Zabrat, Azerbaijan","https://www.google.com/maps/search/?api=1&query=Za-brata&query_place_id=ChIJJ4q5JgCLMEARpheua0aa-8E"
"","ChIJe1i8cNGJMEARF22flcmddN4","Delux Karaoke &Cinema&Lounge","lounge_hookah","5","12","","Lounge bar","centre","CRHX+VVM, Mikayil Aliyev, Baku, Azerbaijan","https://www.google.com/maps/search/?api=1&query=Delux%20Karaoke%20%26Cinema%26Lounge&query_place_id=ChIJe1i8cNGJMEARF22flcmddN4"
"","ChIJ3xezy7x9MEARNxqO23R1lgw","1955 cafe by Samadkhan Azimov","restaurant","4.8","12","","Restaurant","centre","460B Abbas Mirza Sharifzadeh St, Baku, Azerbaijan","https://www.google.com/maps/search/?api=1&query=1955%20cafe%20by%20Samadkhan%20Azimov&query_place_id=ChIJ3xezy7x9MEARNxqO23R1lgw"
"","ChIJa9EhgV3nOkAR4iQbJFidy6c","Dana pub","bar_pub","4.7","12","","Cafe","centre","Bakı Şəhəri Qaradağ rayonu Ələt qəsəbəsi Salyan yolu 71-ci km, Azerbaijan","https://www.google.com/maps/search/?api=1&query=Dana%20pub&query_place_id=ChIJa9EhgV3nOkAR4iQbJFidy6c"
"","ChIJM8m8BQDxMEAR_k6Vj7qwtLU","Alma Lounge &Tea","lounge_hookah","4.7","12","","Family restaurant","centre","H2PP+HQ3, Bilgah, Azerbaijan","https://www.google.com/maps/search/?api=1&query=Alma%20Lounge%20%26Tea&query_place_id=ChIJM8m8BQDxMEAR_k6Vj7qwtLU"
"","ChIJIU3MYsh9MEARriPGf0dLHhw","Ayvenqo","restaurant","4.7","12","","Restaurant","centre","9 Bunyad Sardarov, Baku 1001, Azerbaijan","https://www.google.com/maps/search/?api=1&query=Ayvenqo&query_place_id=ChIJIU3MYsh9MEARriPGf0dLHhw"
"","ChIJR6ihPIqHMEARFghxkTiRJzE","Cafe de Costa Rica","cafe_coffee","4.6","12","","Coffee shop","centre","108 Mammad Araz, Baku, Azerbaijan","https://www.google.com/maps/search/?api=1&query=Cafe%20de%20Costa%20Rica&query_place_id=ChIJR6ihPIqHMEARFghxkTiRJzE"
"","ChIJyVLf7YpfMEARsMbmVVV8qzk","Tuqay Bağları","restaurant","4.3","12","","Restaurant","centre","Azerbaijan","https://www.google.com/maps/search/?api=1&query=Tuqay%20Ba%C4%9Flar%C4%B1&query_place_id=ChIJyVLf7YpfMEARsMbmVVV8qzk"
"","ChIJ5cn_G4VZMEAR8xkuptd2ufc","Mardakan Garden Restaurant","restaurant","4.3","12","","Restaurant","centre","Baku, Azerbaijan","https://www.google.com/maps/search/?api=1&query=Mardakan%20Garden%20Restaurant&query_place_id=ChIJ5cn_G4VZMEAR8xkuptd2ufc"
"","ChIJ8WyA_9HzMEARRNJvJIF-WXA","RESTORE Beach","","4.3","12","","Beach club","centre","Sea Breeze, Baku, Azerbaijan","https://www.google.com/maps/search/?api=1&query=RESTORE%20Beach&query_place_id=ChIJ8WyA_9HzMEARRNJvJIF-WXA"
"","ChIJscs3VaaIOkARxWqxF8pvKgk","Dördqardaş Şadliq Sarayi","restaurant","4","12","","Restaurant","centre","6HHH+6H7, Ümid qəsəbəsi, Azerbaijan","https://www.google.com/maps/search/?api=1&query=D%C3%B6rdqarda%C5%9F%20%C5%9Eadliq%20Sarayi&query_place_id=ChIJscs3VaaIOkARxWqxF8pvKgk"
"","ChIJxYv3Dq-IOkARXHDEnkBrDq8","Shes - Besh","cafe_coffee","4","12","","Cafe","centre","6HFH+C5W, Sahil, Ümid qəsəbəsi, Azerbaijan","https://www.google.com/maps/search/?api=1&query=Shes%20-%20Besh&query_place_id=ChIJxYv3Dq-IOkARXHDEnkBrDq8"
"","ChIJ_bZqjMReMEARCKoygqnTE-A","Ləzzət Un Məmulatları","cafe_coffee","4","12","","Cafe","centre","F5P8+R3V, Mardakan, Azerbaijan","https://www.google.com/maps/search/?api=1&query=L%C9%99zz%C9%99t%20Un%20M%C9%99mulatlar%C4%B1&query_place_id=ChIJ_bZqjMReMEARCKoygqnTE-A"
"","ChIJcxAhuR2JMEAR7E-ZCAd13oU","Hot Stone Steakhouse & Show Hall","restaurant","3.9","12","","Restaurant","centre","Cəfər Cabbarlı 40, Baku, Azerbaijan","https://www.google.com/maps/search/?api=1&query=Hot%20Stone%20Steakhouse%20%26%20Show%20Hall&query_place_id=ChIJcxAhuR2JMEAR7E-ZCAd13oU"
"","ChIJOzLlRACHMEARs5SuJY8bM4s","Extra Lounge Tea House & Coffee","lounge_hookah","5","11","","Coffee shop","centre","89 Hasan bey Zardabi St, Baku, Azerbaijan","https://www.google.com/maps/search/?api=1&query=Extra%20Lounge%20Tea%20House%20%26%20Coffee&query_place_id=ChIJOzLlRACHMEARs5SuJY8bM4s"
"","ChIJ-WhINABjMEARDMa7UaPDGdo","Black Samurai Sushi","restaurant","4.8","11","","Asian restaurant","centre","b11 Nəcəf Nərimanov, Baku, Azerbaijan","https://www.google.com/maps/search/?api=1&query=Black%20Samurai%20Sushi&query_place_id=ChIJ-WhINABjMEARDMa7UaPDGdo"
"","ChIJjbF4UzyJOkARir2FMC1CE00","GARDEN Restoran Sahil Qəsəbəsi","restaurant","4.7","11","","Family restaurant","centre","6HGM+WGM, qəsəbəsi, Azerbaijan","https://www.google.com/maps/search/?api=1&query=GARDEN%20Restoran%20Sahil%20Q%C9%99s%C9%99b%C9%99si&query_place_id=ChIJjbF4UzyJOkARir2FMC1CE00"
"","ChIJZx4f_IOJOkARceZrae-DJSU","Terminal restoranı","restaurant","4.5","11","","Restaurant","centre","5GV4+M5P, Ümid qəsəbəsi, Azerbaijan","https://www.google.com/maps/search/?api=1&query=Terminal%20restoran%C4%B1&query_place_id=ChIJZx4f_IOJOkARceZrae-DJSU"
"","ChIJe7bvyvGJOkARmGFufQXOd38","Firdevs Dönər Evi","quick_bites","4.5","11","","Fast food restaurant","centre","120 Məhərrəm Seyidov, Azerbaijan","https://www.google.com/maps/search/?api=1&query=Firdevs%20D%C3%B6n%C9%99r%20Evi&query_place_id=ChIJe7bvyvGJOkARmGFufQXOd38"
"","ChIJjexJ-xOLMEARm2l708oVRUo","NUR","restaurant","4.5","11","","Restaurant","centre","FWMP+877, Unnamed Road, Zabrat, Azerbaijan","https://www.google.com/maps/search/?api=1&query=NUR&query_place_id=ChIJjexJ-xOLMEARm2l708oVRUo"
"","ChIJiUYoyO3xMEARmp5OjQ6aWT4","Terraza Baku","restaurant","3.9","11","","Restaurant","centre","Galaba, Street 94 Jumeirah Bilgah Beach Hotel, Baku, Azerbaijan","https://www.google.com/maps/search/?api=1&query=Terraza%20Baku&query_place_id=ChIJiUYoyO3xMEARmp5OjQ6aWT4"
"","ChIJpWN5erGIOkARlRKRoeLxEKM","Otel Cənub","restaurant","3.5","11","","Family restaurant","centre","18 Bəxtiyar Əliyev küçəsi, Azerbaijan","https://www.google.com/maps/search/?api=1&query=Otel%20C%C9%99nub&query_place_id=ChIJpWN5erGIOkARlRKRoeLxEKM"
"","ChIJJ1-Io9OHMEAR37sOwdUb9AE","Qutab","restaurant","5","10","","Family restaurant","centre","98 Yahya Huseynov St, Baku, Azerbaijan","https://www.google.com/maps/search/?api=1&query=Qutab&query_place_id=ChIJJ1-Io9OHMEAR37sOwdUb9AE"
"","ChIJRUca-xd9MEARM2NiDd0M-zo","Nur Lounge","lounge_hookah","5","10","","Restaurant","centre","Azərbaycan, 1A Mehdi Hüseyn Küçəsi, Baku 1006, Azerbaijan","https://www.google.com/maps/search/?api=1&query=Nur%20Lounge&query_place_id=ChIJRUca-xd9MEARM2NiDd0M-zo"
"","ChIJ4zs6M5X1MEARIqfxKIdWsIk","Coffee Nice","cafe_coffee","5","10","","Coffee shop","centre","Əliyev parkının yanında, BAKI 1039, Azerbaijan","https://www.google.com/maps/search/?api=1&query=Coffee%20Nice&query_place_id=ChIJ4zs6M5X1MEARIqfxKIdWsIk"
"","ChIJmxy9jn9ZMEARBAW3eGpcnzY","XEZRI BALIQ EVI","restaurant","4.8","10","","Restaurant","centre","G54Q+W46, Mardakan, Azerbaijan","https://www.google.com/maps/search/?api=1&query=XEZRI%20BALIQ%20EVI&query_place_id=ChIJmxy9jn9ZMEARBAW3eGpcnzY"
"","ChIJGYGjv3F_MEARAKQzZRTq7AM","Aleks pastry & bakery","dessert_bakery","4.6","10","","Bakery","centre","8RM2+GHP, Baku, Azerbaijan","https://www.google.com/maps/search/?api=1&query=Aleks%20pastry%20%26%20bakery&query_place_id=ChIJGYGjv3F_MEARAKQzZRTq7AM"
"","ChIJu4gDPiNfMEARqKclYh6XQXk","Very Well Restaurant","restaurant","4.6","10","","Azerbaijani restaurant","centre","43a Qədəmgah, Bakı 1090, Azerbaijan","https://www.google.com/maps/search/?api=1&query=Very%20Well%20Restaurant&query_place_id=ChIJu4gDPiNfMEARqKclYh6XQXk"
"","ChIJdcypkqVfMEAR9qxd0GoJ-9U","GOLD PUB","bar_pub","4.6","10","","Pub","centre","Xəzər R. Binə atçılıq, Baku 1045, Azerbaijan","https://www.google.com/maps/search/?api=1&query=GOLD%20PUB&query_place_id=ChIJdcypkqVfMEAR9qxd0GoJ-9U"
"","ChIJa94aNAB9MEAR47rnvyJsBbU","Kababçı Adanalı(Adanalı kababçı)","restaurant","4.4","10","","Turkish restaurant","centre","96 Alibey Huseynzadeh, Baku, Azerbaijan","https://www.google.com/maps/search/?api=1&query=Kabab%C3%A7%C4%B1%20Adanal%C4%B1(Adanal%C4%B1%20kabab%C3%A7%C4%B1)&query_place_id=ChIJa94aNAB9MEAR47rnvyJsBbU"
"","ChIJS_KanRCHOkARJwvx_cBgWGo","Qaradagh Lahmacun","restaurant","4","10","","Turkish restaurant","centre","Baku, Azerbaijan","https://www.google.com/maps/search/?api=1&query=Qaradagh%20Lahmacun&query_place_id=ChIJS_KanRCHOkARJwvx_cBgWGo"
"","ChIJDdtpNnl9MEARlNTWPy2pMfk","BumBumBar","restaurant","3.3","10","","Restaurant","centre","plyajı (Lemantanov küçəsi, girişi, Azerbaijan","https://www.google.com/maps/search/?api=1&query=BumBumBar&query_place_id=ChIJDdtpNnl9MEARlNTWPy2pMfk"
"","ChIJ4ev8HshfMEARXlVVnC5GJuU","Fras Lounge","lounge_hookah","2.6","10","","Restaurant","centre","F5PF+9HC, Baku, Azerbaijan","https://www.google.com/maps/search/?api=1&query=Fras%20Lounge&query_place_id=ChIJ4ev8HshfMEARXlVVnC5GJuU"
"","ChIJKVXPiOB9MEARHY1KnhW0CH0","KaffyLaffy","restaurant","5","9","","Azerbaijani restaurant","centre","4 Sahib Zeynalov Street, Bakı 1000, Azerbaijan","https://www.google.com/maps/search/?api=1&query=KaffyLaffy&query_place_id=ChIJKVXPiOB9MEARHY1KnhW0CH0"
"","ChIJs7KLD831MEARbPsgyRV71ps","Lülə kabab Kəbabxana","quick_bites","5","9","","Kebab shop","centre","GXGR+V93, Azerbaijan","https://www.google.com/maps/search/?api=1&query=L%C3%BCl%C9%99%20kabab%20K%C9%99babxana&query_place_id=ChIJs7KLD831MEARbPsgyRV71ps"
"","ChIJsy_iLQD1MEARlkBQnZoqdZc","Emin Ustanın Kababxanası","restaurant","5","9","","Family restaurant","centre","OBA market Parkın yaxınlığı, Azərbaycan, Bakı ş, Sabunçu r., M. Şəfai 18, Azerbaijan","https://www.google.com/maps/search/?api=1&query=Emin%20Ustan%C4%B1n%20Kababxanas%C4%B1&query_place_id=ChIJsy_iLQD1MEARlkBQnZoqdZc"
"","ChIJbWDEawCLMEARb_-gvEQbkKc","KÖZ BURGER","restaurant","5","9","","Family restaurant","centre","GW3W+X5Q, Baku, Azerbaijan","https://www.google.com/maps/search/?api=1&query=K%C3%96Z%20BURGER&query_place_id=ChIJbWDEawCLMEARb_-gvEQbkKc"
"","ChIJrXqVIyhlMEARdEI73_hK8jU","Pivka Karaoke club","bar_pub","5","9","","Pub","centre","9X6C+2FP, Ingilab Ismayilov, Baku, Azerbaijan","https://www.google.com/maps/search/?api=1&query=Pivka%20Karaoke%20club&query_place_id=ChIJrXqVIyhlMEARdEI73_hK8jU"
"","ChIJXxXCJ0pfMEARRID79wxvnj8","Siena Restaurant","restaurant","5","9","","Restaurant","centre","G434+J52, Mardakan, Baku 1044, Azerbaijan","https://www.google.com/maps/search/?api=1&query=Siena%20Restaurant&query_place_id=ChIJXxXCJ0pfMEARRID79wxvnj8"
"","ChIJ_U0pZLL1MEAR2BcoQ_a16LA","Buzovna Restaurant","restaurant","5","9","","Restaurant","centre","küçəsi, Buzovna Maştağa yolu F.Rustemov, Baku 1044, Azerbaijan","https://www.google.com/maps/search/?api=1&query=Buzovna%20Restaurant&query_place_id=ChIJ_U0pZLL1MEAR2BcoQ_a16LA"
"","ChIJ5XJqEffzMEARM_CX_kkV9hY","Greenberry Açaí & Smoothie","","5","9","","Açaí shop","centre","Sea Breeze Resort, Nardaran, Baku 1097, Azerbaijan","https://www.google.com/maps/search/?api=1&query=Greenberry%20A%C3%A7a%C3%AD%20%26%20Smoothie&query_place_id=ChIJ5XJqEffzMEARM_CX_kkV9hY"
"","ChIJY0d7YwDnOkARwcklnNpxr-U","Xan Dönər","restaurant","4.9","9","","Restaurant","centre","WCW2+WGR, Alat, Azerbaijan","https://www.google.com/maps/search/?api=1&query=Xan%20D%C3%B6n%C9%99r&query_place_id=ChIJY0d7YwDnOkARwcklnNpxr-U"
"","ChIJmcYM-75fMEARPTIucM7rzQw","AZZA Cake House","dessert_bakery","4.8","9","","Bakery","centre","F5PG+565, Mardakan, Azerbaijan","https://www.google.com/maps/search/?api=1&query=AZZA%20Cake%20House&query_place_id=ChIJmcYM-75fMEARPTIucM7rzQw"
"","ChIJVUEvUz_xMEARTY-P3dJCrjo","Ca'd Oro","cafe_coffee","4.8","9","","Cafe","Bilgah, Azerbaijan","H3Q5+7CV, Bilgah, Azerbaijan","https://www.google.com/maps/search/?api=1&query=Ca'd%20Oro&query_place_id=ChIJVUEvUz_xMEARTY-P3dJCrjo"
"","ChIJ22YteABZMEARctd_923EBQs","Bəyaz Mərdəkan","restaurant","4.7","9","","Restaurant","centre","G53C+RMP Nuzovna Yolu, Mardakan, Azerbaijan","https://www.google.com/maps/search/?api=1&query=B%C9%99yaz%20M%C9%99rd%C9%99kan&query_place_id=ChIJ22YteABZMEARctd_923EBQs"
"","ChIJU2D2_H9ZMEARTqGyqbkqtrU","Bakida deniz kenarı restoranlar","restaurant","4.7","9","","Restaurant","centre","G572+PGJ, Mardakan, Azerbaijan","https://www.google.com/maps/search/?api=1&query=Bakida%20deniz%20kenar%C4%B1%20restoranlar&query_place_id=ChIJU2D2_H9ZMEARTqGyqbkqtrU"
"","ChIJsfY5ov6JOkAR8CeBqv4kXnw","Lounge Room Sahil","lounge_hookah","4.6","9","","Restaurant","centre","1083 Məhərrəm Seyidov, Ümid qəsəbəsi, Azerbaijan","https://www.google.com/maps/search/?api=1&query=Lounge%20Room%20Sahil&query_place_id=ChIJsfY5ov6JOkAR8CeBqv4kXnw"
"","ChIJBbktqdN9MEAR2-8BWUQgN2s","BARTINY Cocktail Bar","bar_pub","4.6","9","","Bar","centre","15 İslam Səfərli, Bakı 1005, Azerbaijan","https://www.google.com/maps/search/?api=1&query=BARTINY%20Cocktail%20Bar&query_place_id=ChIJBbktqdN9MEAR2-8BWUQgN2s"
"","ChIJ_VIMkrB9MEAR8GrLo4-LmWA","Shin Shin Restaurant","restaurant","4.4","9","","Restaurant","centre","96e Nizami St, Baku 1010, Azerbaijan","https://www.google.com/maps/search/?api=1&query=Shin%20Shin%20Restaurant&query_place_id=ChIJ_VIMkrB9MEAR8GrLo4-LmWA"
"","ChIJKYpaXA-HMEAROixHVsiSAKs","101 Tea House","tea_house","4.3","9","","Tea house","centre","Yeni Yasamal Əsəd Əhmədov küçəsi, Bakı 1017, Azerbaijan","https://www.google.com/maps/search/?api=1&query=101%20Tea%20House&query_place_id=ChIJKYpaXA-HMEAROixHVsiSAKs"
"","ChIJw3QmRgt9MEARBDIuNJszs0s","Viva Dessert","dessert_bakery","4","9","","Pastry shop","centre","63A Gədirbəyova küç, Bakı, Azerbaijan","https://www.google.com/maps/search/?api=1&query=Viva%20Dessert&query_place_id=ChIJw3QmRgt9MEARBDIuNJszs0s"
"","ChIJ9_Po0eb1MEARVoii7Aht7xM","Arzu Restoran","restaurant","3.7","9","","Restaurant","centre","G399+2RR, Aida Park, Вишновка, Mardakan, Azerbaijan","https://www.google.com/maps/search/?api=1&query=Arzu%20Restoran&query_place_id=ChIJ9_Po0eb1MEARVoii7Aht7xM"
"","ChIJ3_KHd3x9MEAR1hKKL-5_MjI","ROOF - Restaurant and Bar","bar_pub","3","9","","Restaurant","centre","29 Mikayil Huseynov Ave, Baku, Azerbaijan","https://www.google.com/maps/search/?api=1&query=ROOF%20-%20Restaurant%20and%20Bar&query_place_id=ChIJ3_KHd3x9MEAR1hKKL-5_MjI"
"","ChIJsR5wSQBfMEARGmWexprs8NM","Yaban Mardakan","bar_pub","1.8","9","","Pub","centre","G458+JXM, Azerbaijan","https://www.google.com/maps/search/?api=1&query=Yaban%20Mardakan&query_place_id=ChIJsR5wSQBfMEARGmWexprs8NM"
"","ChIJeSxGJmiHMEAR5GK2iJnmVS8","Dessert Shop","dessert_bakery","5","8","","Pastry shop","centre","Baku, Azerbaijan","https://www.google.com/maps/search/?api=1&query=Dessert%20Shop&query_place_id=ChIJeSxGJmiHMEAR5GK2iJnmVS8"
"","ChIJmVcvR7_1MEARhSvensOZmA4","Mamma Mia","restaurant","5","8","","Italian restaurant","centre","Neriman Eliyev küçesi, Baku 1044, Azerbaijan","https://www.google.com/maps/search/?api=1&query=Mamma%20Mia&query_place_id=ChIJmVcvR7_1MEARhSvensOZmA4"
"","ChIJYRvOFC31MEARxz7Kwhdsxmc","Coffee To Go","cafe_coffee","5","8","","Coffee shop","centre","Buzovna Abseron, xanlar, Azerbaijan","https://www.google.com/maps/search/?api=1&query=Coffee%20To%20Go&query_place_id=ChIJYRvOFC31MEARxz7Kwhdsxmc"
"","ChIJw3h5dkeLMEARM4do8fQoVPY","REST HOUSE PUB","bar_pub","5","8","","Restaurant","centre","FXH4+V98, Ələsgər Ələkbərov, Zabrat, Azerbaijan","https://www.google.com/maps/search/?api=1&query=REST%20HOUSE%20PUB&query_place_id=ChIJw3h5dkeLMEARM4do8fQoVPY"
"","ChIJeUqGCgBZMEARY6HlmbHLsJA","Mucru Restaurant","restaurant","5","8","","Restaurant","centre","G565+FFH, merdekan, Mərdəkan, Azerbaijan","https://www.google.com/maps/search/?api=1&query=Mucru%20Restaurant&query_place_id=ChIJeUqGCgBZMEARY6HlmbHLsJA"
"","ChIJr7wNeRtZMEARNYD8jmfz6eY","Lepe Doyen Beach Shuvelan","restaurant","5","8","","Seafood restaurant","centre","Shuvalan beach, Mardakan, Azerbaijan","https://www.google.com/maps/search/?api=1&query=Lepe%20Doyen%20Beach%20Shuvelan&query_place_id=ChIJr7wNeRtZMEARNYD8jmfz6eY"
"","ChIJF753agBlMEAR6S_meuAVx4Y","RF lounge by Kərəmov","lounge_hookah","4.9","8","","Hookah bar","centre","37 General Aliaga Shikhlinski St, Baku, Azerbaijan","https://www.google.com/maps/search/?api=1&query=RF%20lounge%20by%20K%C9%99r%C9%99mov&query_place_id=ChIJF753agBlMEAR6S_meuAVx4Y"
"","ChIJO7f3bgD1MEARJSOdsp26EMI","Coffee Hunter","cafe_coffee","4.8","8","","Coffee shop","centre","G39J+CG9, Azerbaijan","https://www.google.com/maps/search/?api=1&query=Coffee%20Hunter&query_place_id=ChIJO7f3bgD1MEARJSOdsp26EMI"
"","ChIJSxk3LABfMEARTvmVqbTmD3M","Rabui Concept Restaurant","restaurant","4.8","8","","Family restaurant","centre|Mardakan, Azerbaijan","87 Sergey Yesenin, Mardakan, Azerbaijan","https://www.google.com/maps/search/?api=1&query=Rabui%20Concept%20Restaurant&query_place_id=ChIJSxk3LABfMEARTvmVqbTmD3M"
"","ChIJN2Q3FHSJOkARFhI_XbVTTb8","Armudu lounge","lounge_hookah","4.6","8","","Cafe","centre","6HFH+QHX, Bulvarı, Azerbaijan","https://www.google.com/maps/search/?api=1&query=Armudu%20lounge&query_place_id=ChIJN2Q3FHSJOkARFhI_XbVTTb8"
"","ChIJX7b9iLD1MEARMqPmLzwzMBE","TeT-a-TeT Cafe Pub","bar_pub","4.5","8","","Pub","centre","M. Namazov küçəsi 83, Azerbaijan","https://www.google.com/maps/search/?api=1&query=TeT-a-TeT%20Cafe%20Pub&query_place_id=ChIJX7b9iLD1MEARMqPmLzwzMBE"
"","ChIJD_kFgEGTMEARXHVCaZBP_vw","D3NIZ beach","restaurant","4.5","8","","Seafood restaurant","centre","HR92+264, Goradil, Azerbaijan","https://www.google.com/maps/search/?api=1&query=D3NIZ%20beach&query_place_id=ChIJD_kFgEGTMEARXHVCaZBP_vw"
"","ChIJ-bQ8OGHzOkAR6FKQp61YPY8","Şaurma Dönər Evi","restaurant","4.3","8","","Chicken restaurant","centre","3CG6+QVQ 223 NömrəLi Tam Orta MəKTəB, Qobustan, Azerbaijan","https://www.google.com/maps/search/?api=1&query=%C5%9Eaurma%20D%C3%B6n%C9%99r%20Evi&query_place_id=ChIJ-bQ8OGHzOkAR6FKQp61YPY8"
"","ChIJh6946uxfMEARS3RsXPspAkQ","Red Door","restaurant","4.3","8","","Restaurant","Mardakan, Azerbaijan","Buzovna- Mardakan yolu, Baku, Azerbaijan","https://www.google.com/maps/search/?api=1&query=Red%20Door&query_place_id=ChIJh6946uxfMEARS3RsXPspAkQ"
"","ChIJtX4Z02LnOkARJsRSV3hhH4k","Əqrəb bar","bar_pub","4","8","","Bar","centre","WCQ5+PR, Alat, Azerbaijan","https://www.google.com/maps/search/?api=1&query=%C6%8Fqr%C9%99b%20bar&query_place_id=ChIJtX4Z02LnOkARJsRSV3hhH4k"
"","ChIJPX-jBgB9MEARcCOs1RI-BvE","bir arada restoran coffe lounge","lounge_hookah","3.9","8","","Restaurant","centre","192c Azadliq Ave, Baku 1005, Azerbaijan","https://www.google.com/maps/search/?api=1&query=bir%20arada%20restoran%20coffe%20lounge&query_place_id=ChIJPX-jBgB9MEARcCOs1RI-BvE"
"","ChIJBSA1MCRZMEAR1RsE6wT8cgE","QəsrŞah Restaurant Mərdəkan","restaurant","3.9","8","","Restaurant","centre","Mərdəkan, 37a Şosesi, Bakı, Azerbaijan","https://www.google.com/maps/search/?api=1&query=Q%C9%99sr%C5%9Eah%20Restaurant%20M%C9%99rd%C9%99kan&query_place_id=ChIJBSA1MCRZMEAR1RsE6wT8cgE"
"","ChIJLWKIW0nxMEAR8tv685MOgWQ","Saffran Tea & Kabab House","restaurant","3.6","8","","Restaurant","centre","H3J7+66R Shebeke, Bilgəh, Azerbaijan","https://www.google.com/maps/search/?api=1&query=Saffran%20Tea%20%26%20Kabab%20House&query_place_id=ChIJLWKIW0nxMEAR8tv685MOgWQ"
"","ChIJNwCi-f1fMEARxkgml69u0j0","Cənub səbətiniz","dessert_bakery","3.5","8","","Bakery","centre","Mərdəkan-Buzovna şosesi, Baku 1044, Azerbaijan","https://www.google.com/maps/search/?api=1&query=C%C9%99nub%20s%C9%99b%C9%99tiniz&query_place_id=ChIJNwCi-f1fMEARxkgml69u0j0"
"","ChIJpWWQYgCJOkARLpGD_8lyZ9g","BEERLİN PUB","bar_pub","5","7","","Bar","centre","6HGH+PRC, Ümid qəsəbəsi, Azerbaijan","https://www.google.com/maps/search/?api=1&query=BEERL%C4%B0N%20PUB&query_place_id=ChIJpWWQYgCJOkARLpGD_8lyZ9g"
"","ChIJ99G1SwBjMEARfJHAe_awLK8","Desgah Tea House","tea_house","5","7","","Tea house","centre","24 Rahib Məmmədov, Bakı, Azerbaijan","https://www.google.com/maps/search/?api=1&query=Desgah%20Tea%20House&query_place_id=ChIJ99G1SwBjMEARfJHAe_awLK8"
"","ChIJCy07dHx9MEARxuoatLB_0P4","Social Music Pub","bar_pub","5","7","","Live music bar","centre","26A Faig Yusifov, Baku 1052, Azerbaijan","https://www.google.com/maps/search/?api=1&query=Social%20Music%20Pub&query_place_id=ChIJCy07dHx9MEARxuoatLB_0P4"
"","ChIJCVqnVdKLMEARKGZj3dAfqWc","Qız qalası cay evi","cafe_coffee","5","7","","Coffee shop","centre","GW7Q+4M9, Baku, Azerbaijan","https://www.google.com/maps/search/?api=1&query=Q%C4%B1z%20qalas%C4%B1%20cay%20evi&query_place_id=ChIJCVqnVdKLMEARKGZj3dAfqWc"
"","ChIJ8_BSBwCLMEARVOLK5FN0OrA","MAHALLE","bar_pub","5","7","","Pub","centre","GW5V+C27, Baku, Azerbaijan","https://www.google.com/maps/search/?api=1&query=MAHALLE&query_place_id=ChIJ8_BSBwCLMEARVOLK5FN0OrA"
"","ChIJhfBNfpKRMEARAU0dVEYjuYw","Novxanı","restaurant","5","7","","Restaurant","Novxanı, Azerbaijan","HQ26+JRF, Baku, Azerbaijan","https://www.google.com/maps/search/?api=1&query=Novxan%C4%B1&query_place_id=ChIJhfBNfpKRMEARAU0dVEYjuYw"
"","ChIJ0-iYRPBZMEARwlOczEzU2CM","Deniz Eldorado Shuvelan","restaurant","4.9","7","","Restaurant","centre","G55G+MQQ deniz etrafi, Mardakan, Azerbaijan","https://www.google.com/maps/search/?api=1&query=Deniz%20Eldorado%20Shuvelan&query_place_id=ChIJ0-iYRPBZMEARwlOczEzU2CM"
"","ChIJVwcN76T1MEARbi55qCwQGeo","Əbülfəz tort və şirniyyat evi","dessert_bakery","4.9","7","","Cake shop","centre","G2J5+63C, Baku, Azerbaijan","https://www.google.com/maps/search/?api=1&query=%C6%8Fb%C3%BClf%C9%99z%20tort%20v%C9%99%20%C5%9Firniyyat%20evi&query_place_id=ChIJVwcN76T1MEARbi55qCwQGeo"
"","ChIJgbr-TwB_MEARBs-Eac0UHYg","Georgian Point Restaurant","restaurant","4.6","7","","Restaurant","centre","8RQ4+MWP, Rafig Isgandarov, Bakı, Azerbaijan","https://www.google.com/maps/search/?api=1&query=Georgian%20Point%20Restaurant&query_place_id=ChIJgbr-TwB_MEARBs-Eac0UHYg"
"","ChIJ9f7w0S3nOkARCvzjPkOgnFc","Görüş balıq evi","restaurant","4.6","7","","Restaurant","centre","Bakı Ələt yolu Bakı Şəhəri Ələt, qəsəbəsi 1081, Azerbaijan","https://www.google.com/maps/search/?api=1&query=G%C3%B6r%C3%BC%C5%9F%20bal%C4%B1q%20evi&query_place_id=ChIJ9f7w0S3nOkARCvzjPkOgnFc"
"","ChIJYzPodACLMEARSe59mz8N_mE","50 Qəpik","restaurant","4.3","7","","Family restaurant","centre","FXR3+J7X, Zabrat, Azerbaijan","https://www.google.com/maps/search/?api=1&query=50%20Q%C9%99pik&query_place_id=ChIJYzPodACLMEARSe59mz8N_mE"
"","ChIJVXv2fjdfMEAR2WIeeMh8r10","Qəbələ Xanlar Mərdəkan","restaurant","4.3","7","","Restaurant","Mardakan, Azerbaijan","Mərdəkan Buzovna yolu, Baku 1009, Azerbaijan","https://www.google.com/maps/search/?api=1&query=Q%C9%99b%C9%99l%C9%99%20Xanlar%20M%C9%99rd%C9%99kan&query_place_id=ChIJVXv2fjdfMEAR2WIeeMh8r10"
"","ChIJd4Y8RXnzOkARbtHpF0pP4wc","Restoran","restaurant","3.6","7","","Family restaurant","centre","3CH6+XX2, Qobustan, Azerbaijan","https://www.google.com/maps/search/?api=1&query=Restoran&query_place_id=ChIJd4Y8RXnzOkARbtHpF0pP4wc"
"","ChIJp4MfDTnzMEARHMvI327t-CE","Bubble TeaZ","cafe_coffee","5","6","","Bubble tea store","centre","Sea Breeze Resort, Nardaran, Azerbaijan","https://www.google.com/maps/search/?api=1&query=Bubble%20TeaZ&query_place_id=ChIJp4MfDTnzMEARHMvI327t-CE"
"","ChIJSyJUvqT1MEAR2tDlTzFb_Ps","Mai Tai Bar","bar_pub","5","6","","Tiki bar","centre","Buzovna Beach, Baku, Azerbaijan","https://www.google.com/maps/search/?api=1&query=Mai%20Tai%20Bar&query_place_id=ChIJSyJUvqT1MEAR2tDlTzFb_Ps"
"","ChIJYSt47CpZMEAR_CQisyUaWVk","Encirlik Pub & Restoran","bar_pub","5","6","","Restaurant","centre","Mardakan, Azerbaijan","https://www.google.com/maps/search/?api=1&query=Encirlik%20Pub%20%26%20Restoran&query_place_id=ChIJYSt47CpZMEAR_CQisyUaWVk"
"","ChIJJ9Le5O9ZMEARJTKLT6D-oVc","Ləpə Çay evi & Lounge","lounge_hookah","5","6","","Restaurant","centre","Zeynalabdin Tağıyev Küçəsi, Bakı, Azerbaijan","https://www.google.com/maps/search/?api=1&query=L%C9%99p%C9%99%20%C3%87ay%20evi%20%26%20Lounge&query_place_id=ChIJJ9Le5O9ZMEARJTKLT6D-oVc"
"","ChIJvUpQtO71MEARV6JAdZU5SMM","OFFER Hookah Lounge","lounge_hookah","5","6","","Restaurant","centre","G3GX+9RR, Baku, Azerbaijan","https://www.google.com/maps/search/?api=1&query=OFFER%20Hookah%20Lounge&query_place_id=ChIJvUpQtO71MEARV6JAdZU5SMM"
"","ChIJK1m9T7x9MEARy59U2ir7SIY","Xəngəlçi","restaurant","5","6","","Georgian restaurant","centre","6 İlqar Mirzəyev, Bakı 1000, Azerbaijan","https://www.google.com/maps/search/?api=1&query=X%C9%99ng%C9%99l%C3%A7i&query_place_id=ChIJK1m9T7x9MEARy59U2ir7SIY"
"","ChIJwyp_WDyRMEARk9-Vw5lpDdU","Luks Restaurant","restaurant","5","6","","Restaurant","Novxanı, Azerbaijan","Səməd Vurğun, Novxanı, Azerbaijan","https://www.google.com/maps/search/?api=1&query=Luks%20Restaurant&query_place_id=ChIJwyp_WDyRMEARk9-Vw5lpDdU"
"","ChIJS9oIQwCHOkARh0Dwed7Zan0","Nur Market","","4.8","6","","General store","centre","6HRW+35R, Baku, Azerbaijan","https://www.google.com/maps/search/?api=1&query=Nur%20Market&query_place_id=ChIJS9oIQwCHOkARh0Dwed7Zan0"
"","ChIJ0QP9ogx9MEARmwT22g24QSs","Coffee N Bakery","","4.8","6","","Cafeteria","centre","60 J, Jafar Jabbarli street, Baku, Azerbaijan","https://www.google.com/maps/search/?api=1&query=Coffee%20N%20Bakery&query_place_id=ChIJ0QP9ogx9MEARmwT22g24QSs"
"","ChIJ7cFMvrpjMEARdZoMzxz11O0","Kafe N1 Kebab","restaurant","4.8","6","","Restaurant","centre","9WWW+R6J, Bahruz Nuriyev St, Qaraçuxur, Azerbaijan","https://www.google.com/maps/search/?api=1&query=Kafe%20N1%20Kebab&query_place_id=ChIJ7cFMvrpjMEARdZoMzxz11O0"
"","ChIJTwJWjAzxMEARbVNlYs3ENDE","Elçinin kababxanası","restaurant","4.7","6","","Family restaurant","centre","H2QV+2W4, Bilgah, Azerbaijan","https://www.google.com/maps/search/?api=1&query=El%C3%A7inin%20kababxanas%C4%B1&query_place_id=ChIJTwJWjAzxMEARbVNlYs3ENDE"
"","ChIJiR5CHQd9MEARGuhIicw6xz0","Unomomento Italian Restaurant","restaurant","4.7","6","","Restaurant","centre","9VH4+6MQ, Mehbali Zeynalabdiyev, Baku, Azerbaijan","https://www.google.com/maps/search/?api=1&query=Unomomento%20Italian%20Restaurant&query_place_id=ChIJiR5CHQd9MEARGuhIicw6xz0"
"","ChIJPzhkUwB9MEARCTkbR_KY460","The best qutab","restaurant","4.3","6","","Restaurant","centre","30 Qulu Quliyev, Bakı, Azerbaijan","https://www.google.com/maps/search/?api=1&query=The%20best%20qutab&query_place_id=ChIJPzhkUwB9MEARCTkbR_KY460"
"","ChIJCegSl32JMEARD-r4pyLTPnE","""OVEN FOOD BAKERY"" MMC","dessert_bakery","4.3","6","","Cake shop","centre","Balaxanı Sənaye Parkı, Baku 1033, Azerbaijan","https://www.google.com/maps/search/?api=1&query=%22OVEN%20FOOD%20BAKERY%22%20MMC&query_place_id=ChIJCegSl32JMEARD-r4pyLTPnE"
"","ChIJyW0Fv-31MEAR_f9eAORseYw","Karvan ailevi restoran","restaurant","4.2","6","","Restaurant","centre|Bilgah, Azerbaijan","H24C+3X6 Bilgəh qəsəbəsi, Azərbaycan Qadını"" küçəsi, Baku 1000, Azerbaijan","https://www.google.com/maps/search/?api=1&query=Karvan%20ailevi%20restoran&query_place_id=ChIJyW0Fv-31MEAR_f9eAORseYw"
"","ChIJB7OeSACPMEARGe8r_9SYW4w","Dağlılar Balıq Restoranı N1","restaurant","4.2","6","","Family restaurant","Novxanı, Azerbaijan","GQGQ+XHJ, Novxanı, Azerbaijan","https://www.google.com/maps/search/?api=1&query=Da%C4%9Fl%C4%B1lar%20Bal%C4%B1q%20Restoran%C4%B1%20N1&query_place_id=ChIJB7OeSACPMEARGe8r_9SYW4w"
"","ChIJcyOMtqiIOkAR1Ds9Uz118fc","Deluxe Lounge & Karaoke","lounge_hookah","4","6","","Cafe","centre","Ümid qəsəbəsi, Azerbaijan","https://www.google.com/maps/search/?api=1&query=Deluxe%20Lounge%20%26%20Karaoke&query_place_id=ChIJcyOMtqiIOkAR1Ds9Uz118fc"
"","ChIJR9sYfgBjMEARnjRHfr3ipNo","DaddySushi","restaurant","4","6","","Sushi restaurant","centre","3 Gara Garayev avenue, prospekti, Azerbaijan","https://www.google.com/maps/search/?api=1&query=DaddySushi&query_place_id=ChIJR9sYfgBjMEARnjRHfr3ipNo"
"","ChIJO5B9VUmHMEARY_yoqNcn4B8","Eat Meat Baku","restaurant","4","6","","Steak house","centre","CR6Q+GV8, Baku, Azerbaijan","https://www.google.com/maps/search/?api=1&query=Eat%20Meat%20Baku&query_place_id=ChIJO5B9VUmHMEARY_yoqNcn4B8"
"","ChIJI4hs7AmLMEARO4G05fLJIgE","MOON LIGHT","restaurant","3.7","6","","Restaurant","centre","GW9P+FQC, ЖК Йени, Kurdexani, Azerbaijan","https://www.google.com/maps/search/?api=1&query=MOON%20LIGHT&query_place_id=ChIJI4hs7AmLMEARO4G05fLJIgE"
"","ChIJIYCNSVXzMEARu38_yTFdAkY","Yaban Sea Breeze","bar_pub","2.7","6","","Pub","centre","HXVP+5C3 Nardaran, Baku 1039, Azerbaijan","https://www.google.com/maps/search/?api=1&query=Yaban%20Sea%20Breeze&query_place_id=ChIJIYCNSVXzMEARu38_yTFdAkY"
"","ChIJdQv7eQDzMEARffxNAtDwisQ","BirBash pUB","bar_pub","2.3","6","","Bar","centre","HWMQ+Q42, Nardaran, Azerbaijan","https://www.google.com/maps/search/?api=1&query=BirBash%20pUB&query_place_id=ChIJdQv7eQDzMEARffxNAtDwisQ"
"","ChIJL6mBc6CHMEARMjn4BLyCI6Q","PADİŞAH DESSERT Yeni Yasamal","dessert_bakery","5","5","","Patisserie","centre","Yeni yasamal, Kapital Qrup Binası, PADİŞAH DESSERT, Silk Way highway, Baku, Azerbaijan","https://www.google.com/maps/search/?api=1&query=PAD%C4%B0%C5%9EAH%20DESSERT%20Yeni%20Yasamal&query_place_id=ChIJL6mBc6CHMEARMjn4BLyCI6Q"
"","ChIJJ9IuBQB9MEAR1ZEoCxC9o-8","Bakery","dessert_bakery","5","5","","Bakery","centre","22 Suleyman Vazirov, Baku 1025, Azerbaijan","https://www.google.com/maps/search/?api=1&query=Bakery&query_place_id=ChIJJ9IuBQB9MEAR1ZEoCxC9o-8"
"","ChIJkfDCV0F9MEAR0_65M33fVnc","Aura 8 cafe & Lounge","lounge_hookah","5","5","","Hookah bar","centre","202 Nabat Aşurbeyova, Baku 1009, Azerbaijan","https://www.google.com/maps/search/?api=1&query=Aura%208%20cafe%20%26%20Lounge&query_place_id=ChIJkfDCV0F9MEAR0_65M33fVnc"
"","ChIJ2dbeZwDzMEAR6BZsWgA-vUU","Kababçı Ailəvi Restoran","restaurant","5","5","","Family restaurant","centre","HXG9+J47, Bakı Dairəvi Yolu, Nardaran, Azerbaijan","https://www.google.com/maps/search/?api=1&query=Kabab%C3%A7%C4%B1%20Ail%C9%99vi%20Restoran&query_place_id=ChIJ2dbeZwDzMEAR6BZsWgA-vUU"
"","ChIJR29MUkVjMEARTtAmcQmZobQ","Sherlock Sushi","restaurant","5","5","","Sushi restaurant","centre","61 Shirin Mirzayev St, Baku 1000, Azerbaijan","https://www.google.com/maps/search/?api=1&query=Sherlock%20Sushi&query_place_id=ChIJR29MUkVjMEARTtAmcQmZobQ"
"","ChIJJxWqCwB9MEAR4A3ADjgFvhg","illy Espresso Bar","bar_pub","5","5","","Italian restaurant","centre","15, Baku, Azerbaijan","https://www.google.com/maps/search/?api=1&query=illy%20Espresso%20Bar&query_place_id=ChIJJxWqCwB9MEAR4A3ADjgFvhg"
"","ChIJRXkX7bCLMEARNWk-4UN2MZs","Sushi Arena","","4.8","5","","Sushi takeaway","centre","59B Xavər Vəliyev, Baku 1104, Azerbaijan","https://www.google.com/maps/search/?api=1&query=Sushi%20Arena&query_place_id=ChIJRXkX7bCLMEARNWk-4UN2MZs"
"","ChIJ-79_E3l9MEAR-vdGD6RNpY4","Sushi Yokio","restaurant","4.8","5","","Sushi takeaway","centre","43A Academician Hasan Aliyev St, Baku, Azerbaijan","https://www.google.com/maps/search/?api=1&query=Sushi%20Yokio&query_place_id=ChIJ-79_E3l9MEAR-vdGD6RNpY4"
"","ChIJLzrKOgB9MEARuzZJ8LX9xIo","Kebab Durum 7/24","restaurant","4.6","5","","Grill","centre","5 Inshaatchilar avenue, Baku 1065, Azerbaijan","https://www.google.com/maps/search/?api=1&query=Kebab%20Durum%207%2F24&query_place_id=ChIJLzrKOgB9MEARuzZJ8LX9xIo"
"","ChIJAzJD2raRMEARL54DCtEdwfQ","Turist kafe","restaurant","4.6","5","","Restaurant","Novxanı, Azerbaijan","Binagadi-Novkhany Hwy, Azerbaijan","https://www.google.com/maps/search/?api=1&query=Turist%20kafe&query_place_id=ChIJAzJD2raRMEARL54DCtEdwfQ"
"","ChIJWULgVgCLMEARNuqmeKpMO-Q","Azza","dessert_bakery","4.4","5","","Bakery","centre","GW3W+X5Q, Baku, Azerbaijan","https://www.google.com/maps/search/?api=1&query=Azza&query_place_id=ChIJWULgVgCLMEARNuqmeKpMO-Q"
"","ChIJrzgqD52JOkARCwfEPwhzTys","Gilavar","dessert_bakery","4","5","","Ice cream shop","centre","6HFH+237, Ümid qəsəbəsi, Azerbaijan","https://www.google.com/maps/search/?api=1&query=Gilavar&query_place_id=ChIJrzgqD52JOkARCwfEPwhzTys"
"","ChIJl1eR6SV9MEARoFe4W-lFxjo","Bakery By My Dom","dessert_bakery","3.8","5","","Bakery","centre","52c Parliament Ave, Baku 1000, Azerbaijan","https://www.google.com/maps/search/?api=1&query=Bakery%20By%20My%20Dom&query_place_id=ChIJl1eR6SV9MEARoFe4W-lFxjo"
"","ChIJ81nMZQBjMEAR3GnbmjcvE8A","Dürüm kebab Köz Dönər","restaurant","3.8","5","","Restaurant","centre","9WVC+25G, Baku, Azerbaijan","https://www.google.com/maps/search/?api=1&query=D%C3%BCr%C3%BCm%20kebab%20K%C3%B6z%20D%C3%B6n%C9%99r&query_place_id=ChIJ81nMZQBjMEAR3GnbmjcvE8A"
"","ChIJX76IvNmIMEARzIA4NaIUt3w","Rixos Tea House","cafe_coffee","3.6","5","","Cafe","centre","FRCQ+47Q, Baku, Azerbaijan","https://www.google.com/maps/search/?api=1&query=Rixos%20Tea%20House&query_place_id=ChIJX76IvNmIMEARzIA4NaIUt3w"
"","ChIJkba_Dch9MEARyV5l9h1VzBw","Qutab Food","restaurant","3.4","5","","Restaurant","centre","16 Mirali Seyidov, Baku 1100, Azerbaijan","https://www.google.com/maps/search/?api=1&query=Qutab%20Food&query_place_id=ChIJkba_Dch9MEARyV5l9h1VzBw"
"","ChIJNQWE7x2JOkARfLNxd6vOoys","Mədinə lahmacun","restaurant","2.6","5","","Barbecue restaurant","centre","6HFC+RQC, M.Seyidov küçəsi, Ümid qəsəbəsi, Azerbaijan","https://www.google.com/maps/search/?api=1&query=M%C9%99din%C9%99%20lahmacun&query_place_id=ChIJNQWE7x2JOkARfLNxd6vOoys"
"","ChIJnQw-WZeJOkARiBuyrDFeUDE","Caspian Burger","restaurant","5","4","","Restaurant","centre","Bulvarı, Azerbaijan","https://www.google.com/maps/search/?api=1&query=Caspian%20Burger&query_place_id=ChIJnQw-WZeJOkARiBuyrDFeUDE"
"","ChIJzTAeaFGJOkARKcdOhn-LDFw","PUB MARLEY","bar_pub","5","4","","Pub","centre","6HHJ+F4H, Ümid qəsəbəsi, Azerbaijan","https://www.google.com/maps/search/?api=1&query=PUB%20MARLEY&query_place_id=ChIJzTAeaFGJOkARKcdOhn-LDFw"
"","ChIJsX8Kkrp9MEARQPO-XFcCV0k","Isti Qutab","quick_bites","5","4","","Fast food restaurant","centre","9RFP+HQG, Alovsat Guliyev St, Baku 1005, Azerbaijan","https://www.google.com/maps/search/?api=1&query=Isti%20Qutab&query_place_id=ChIJsX8Kkrp9MEARQPO-XFcCV0k"
"","ChIJkWPtHgBlMEARACxy0CfIIy0","Urfalı Abdullah usta","restaurant","5","4","","Turkish restaurant","centre","9X66+G5Q, Ganja Ave, Baku, Azerbaijan","https://www.google.com/maps/search/?api=1&query=Urfal%C4%B1%20Abdullah%20usta&query_place_id=ChIJkWPtHgBlMEARACxy0CfIIy0"
"","ChIJFxdNBwBjMEAR6_nYF1ccdlQ","Nurlan Burger","restaurant","5","4","","Turkish restaurant","centre","29 Rustam Rustamov, Baku, Azerbaijan","https://www.google.com/maps/search/?api=1&query=Nurlan%20Burger&query_place_id=ChIJFxdNBwBjMEAR6_nYF1ccdlQ"
"","ChIJschspt5jMEARHf9OiqVkQUw","Sunset Tea House","cafe_coffee","5","4","","Cafe","centre","107 Shirin Mirzayev St, Baku, Azerbaijan","https://www.google.com/maps/search/?api=1&query=Sunset%20Tea%20House&query_place_id=ChIJschspt5jMEARHf9OiqVkQUw"
"","ChIJc3rEPgDzMEARY8acT5n7ZFg","Horizon cafe and lounge","lounge_hookah","5","4","","Restaurant","centre","HWJQ+P3, Nardaran, Azerbaijan","https://www.google.com/maps/search/?api=1&query=Horizon%20cafe%20and%20lounge&query_place_id=ChIJc3rEPgDzMEARY8acT5n7ZFg"
"","ChIJ16jRCQBfMEARmE0WS4dwRgw","Happybites_shuvalan","restaurant","5","4","","Family restaurant","centre","F5MM+QF4, Azerbaijan","https://www.google.com/maps/search/?api=1&query=Happybites_shuvalan&query_place_id=ChIJ16jRCQBfMEARmE0WS4dwRgw"
"","ChIJ1Q4JlLD1MEARfwfYofeRpM0","Rövşənin evi","tea_house","5","4","","Tea house","centre","Alballıq, Baku, Azerbaijan","https://www.google.com/maps/search/?api=1&query=R%C3%B6v%C5%9F%C9%99nin%20evi&query_place_id=ChIJ1Q4JlLD1MEARfwfYofeRpM0"
"","ChIJQxyDXxDxMEARI1Ya2E6xoOc","Bubbles","","5","4","","Bubble tea store","centre","Amburan Mall, Bilgah, Bakı Dairəvi Yolu, Baku, Azerbaijan","https://www.google.com/maps/search/?api=1&query=Bubbles&query_place_id=ChIJQxyDXxDxMEARI1Ya2E6xoOc"
"","ChIJEw8XzcTzMEARVX-0VkdvL28","Bubbles","","5","4","","Bubble tea store","centre","Sea Breeze Resort, Nardaran, Azerbaijan","https://www.google.com/maps/search/?api=1&query=Bubbles&query_place_id=ChIJEw8XzcTzMEARVX-0VkdvL28"
"","ChIJrRz5hr71MEARUx7Nfx2ve7k","Çinar Pub","bar_pub","5","4","","Restaurant","centre","F3W5+XPC, Hazar, Mardakan, Azerbaijan","https://www.google.com/maps/search/?api=1&query=%C3%87inar%20Pub&query_place_id=ChIJrRz5hr71MEARUx7Nfx2ve7k"
"","ChIJS3xKJOn1MEARlTnRAEaH8KU","Dorado Restaurant","restaurant","5","4","","Restaurant","centre","14 Guloglan Mamedov, Baku 1090, Azerbaijan","https://www.google.com/maps/search/?api=1&query=Dorado%20Restaurant&query_place_id=ChIJS3xKJOn1MEARlTnRAEaH8KU"
"","ChIJV1uaRWR9MEARymtQbSD6qUY","Mad roll & sushi","restaurant","5","4","","Sushi restaurant","centre","7 Fərman Məlikov, Baku 1030, Azerbaijan","https://www.google.com/maps/search/?api=1&query=Mad%20roll%20%26%20sushi&query_place_id=ChIJV1uaRWR9MEARymtQbSD6qUY"
"","ChIJeR8kA4Z9MEARrPB_gwWYwJI","Razzmatazz Cocktail Bar & Lounge","lounge_hookah","5","4","","Hotel","centre","674 Azadliq Square, Baku, Azerbaijan","https://www.google.com/maps/search/?api=1&query=Razzmatazz%20Cocktail%20Bar%20%26%20Lounge&query_place_id=ChIJeR8kA4Z9MEARrPB_gwWYwJI"
"","ChIJmV6gng71MEARkAcAnUTcyHE","OFFSIDE PlayStation Club","","5","4","","Internet cafe","Bilgah, Azerbaijan","142 NömrəLi Tam Orta MәKTәB, Azərbaycan qadını küçəsi, Azerbaijan","https://www.google.com/maps/search/?api=1&query=OFFSIDE%20PlayStation%20Club&query_place_id=ChIJmV6gng71MEARkAcAnUTcyHE"
"","ChIJXbTrJQCPMEARBDSREzoYqsw","Kürə çörəyi, qutablar","cafe_coffee","5","4","","Coffee shop","Novxanı, Azerbaijan","GQHP+QQR, Binagadi-Novkhany Hwy, Novxanı, Azerbaijan","https://www.google.com/maps/search/?api=1&query=K%C3%BCr%C9%99%20%C3%A7%C3%B6r%C9%99yi%2C%20qutablar&query_place_id=ChIJXbTrJQCPMEARBDSREzoYqsw"
"","ChIJTfqzIsZ9MEARr3Snm8d9CWk","Love Baku (Bakery & Cafe)","cafe_coffee","4.8","4","","Cafe","centre","18b Khagani Street, Baku, Azerbaijan","https://www.google.com/maps/search/?api=1&query=Love%20Baku%20(Bakery%20%26%20Cafe)&query_place_id=ChIJTfqzIsZ9MEARr3Snm8d9CWk"
"","ChIJvwqScQBjMEAR0Y4p2H9v1hU","TIR Dürüm","restaurant","4.8","4","","Turkish restaurant","centre","9WFW+Q3, Baku, Azerbaijan","https://www.google.com/maps/search/?api=1&query=TIR%20D%C3%BCr%C3%BCm&query_place_id=ChIJvwqScQBjMEAR0Y4p2H9v1hU"
"","ChIJJbi7NQCJOkAR9bMrKud950E","Mədinə DÖNƏR","quick_bites","4.5","4","","Doner kebab restaurant","centre","Sahil qesebesi, M. Seyidov, Bakı, Azerbaijan","https://www.google.com/maps/search/?api=1&query=M%C9%99din%C9%99%20D%C3%96N%C6%8FR&query_place_id=ChIJJbi7NQCJOkAR9bMrKud950E"
"","ChIJhV5ia2uJOkAR6bWtSaiNIGs","Kafe","restaurant","4.5","4","","Seafood restaurant","centre","6HCH+XQ, qəsəbəsi, Azerbaijan","https://www.google.com/maps/search/?api=1&query=Kafe&query_place_id=ChIJhV5ia2uJOkAR6bWtSaiNIGs"
"","ChIJdXDCX3VpMEARsWjC3BZpn5Q","Dalğa beach","restaurant","4.5","4","","Seafood restaurant","centre","948V+H3X Park Riyad, Hövsan, Azerbaijan","https://www.google.com/maps/search/?api=1&query=Dal%C4%9Fa%20beach&query_place_id=ChIJdXDCX3VpMEARsWjC3BZpn5Q"
"","ChIJB5zCVwBfMEARdi0lJhyxCv8","İbiza Ailəvi istirahət Mərkəzi Buozvna","restaurant","4.3","4","","Seafood restaurant","centre","G4CH+QJ7, Azerbaijan","https://www.google.com/maps/search/?api=1&query=%C4%B0biza%20Ail%C9%99vi%20istirah%C9%99t%20M%C9%99rk%C9%99zi%20Buozvna&query_place_id=ChIJB5zCVwBfMEARdi0lJhyxCv8"
"","ChIJ-4lkKQlfMEARAkm-ExiIA0Q","kovser.cafe.restaurant","restaurant","4.3","4","","Restaurant","Mardakan, Azerbaijan","Merdekan, Baba Əliyev, kucesi, Azerbaijan","https://www.google.com/maps/search/?api=1&query=kovser.cafe.restaurant&query_place_id=ChIJ-4lkKQlfMEARAkm-ExiIA0Q"
"","ChIJDQiyNABZMEAReemOOgkh824","Akula Restoran","restaurant","4.3","4","","Restaurant","Mardakan, Azerbaijan","G553+X86, Mardakan, Azerbaijan","https://www.google.com/maps/search/?api=1&query=Akula%20Restoran&query_place_id=ChIJDQiyNABZMEAReemOOgkh824"
"","ChIJNXqd8SaLMEARiP2hDf-7cR0","Zabrat kafe & karaoke","cafe_coffee","4","4","","Cafe","centre","FXH2+93F Отдел ДПС Сабунчинского Района, Zabrat, Azerbaijan","https://www.google.com/maps/search/?api=1&query=Zabrat%20kafe%20%26%20karaoke&query_place_id=ChIJNXqd8SaLMEARiP2hDf-7cR0"
"","ChIJD8zDI8PzMEARSvifOD_a37A","SEA LA VIE","restaurant","4","4","","Restaurant","centre","Nardaran, BAKU 0000, Azerbaijan","https://www.google.com/maps/search/?api=1&query=SEA%20LA%20VIE&query_place_id=ChIJD8zDI8PzMEARSvifOD_a37A"
"","ChIJ83BOoauTMEARjr278RuOvKI","SABBurger","restaurant","4","4","","Restaurant","Novxanı, Azerbaijan","Binagadi-Novkhany Hwy, Azerbaijan","https://www.google.com/maps/search/?api=1&query=SABBurger&query_place_id=ChIJ83BOoauTMEARjr278RuOvKI"
"","ChIJ52r619PxMEARCDhOiQQ0x8c","Buddha-Bar Beach Baku","bar_pub","3.8","4","","Restaurant","centre|Bilgah, Azerbaijan","H2JR+FJ7, Bilgah, Azerbaijan","https://www.google.com/maps/search/?api=1&query=Buddha-Bar%20Beach%20Baku&query_place_id=ChIJ52r619PxMEARCDhOiQQ0x8c"
"","ChIJYVXELQCJOkARki5lQGQXem8","DADÖNER","restaurant","3","4","","Restaurant","centre","Sahil qesebesi, nerimanov küçəsi, qəsəbəsi 1083, Azerbaijan","https://www.google.com/maps/search/?api=1&query=DAD%C3%96NER&query_place_id=ChIJYVXELQCJOkARki5lQGQXem8"
"","ChIJ15oEWoCMOkARCz4YT2Be_wI","Səngəçal Restoranı","restaurant","3","4","","Restaurant","centre","5F87+273, Sangachal, Azerbaijan","https://www.google.com/maps/search/?api=1&query=S%C9%99ng%C9%99%C3%A7al%20Restoran%C4%B1&query_place_id=ChIJ15oEWoCMOkARCz4YT2Be_wI"
"","ChIJKwWObOB_MEARegJjyfF_Acc","SeaView","","5","3","","Real estate developer","centre","32, Salyan Hwy, Baku 1000, Azerbaijan","https://www.google.com/maps/search/?api=1&query=SeaView&query_place_id=ChIJKwWObOB_MEARegJjyfF_Acc"
"","ChIJ4f3X8VSHMEARxlLtqFu3eHA","Şuşa Qutab Evi","","5","3","","Cafeteria","centre","114a Mirza Mahammad Khan St, Baku, Azerbaijan","https://www.google.com/maps/search/?api=1&query=%C5%9Eu%C5%9Fa%20Qutab%20Evi&query_place_id=ChIJ4f3X8VSHMEARxlLtqFu3eHA"
"","ChIJVeA_WkTnOkAR4e7-XO-yUPI","İ Dönər","quick_bites","5","3","","Doner kebab restaurant","centre","XC36+Q3M, Alat, Azerbaijan","https://www.google.com/maps/search/?api=1&query=%C4%B0%20D%C3%B6n%C9%99r&query_place_id=ChIJVeA_WkTnOkAR4e7-XO-yUPI"
"","ChIJxX3MMAB9MEARRsqBtEzBhTo","KöşeBaşı Bayıl","restaurant","5","3","","Turkish restaurant","centre","39 Mikayil Huseynov Ave, Baku, Azerbaijan","https://www.google.com/maps/search/?api=1&query=K%C3%B6%C5%9FeBa%C5%9F%C4%B1%20Bay%C4%B1l&query_place_id=ChIJxX3MMAB9MEARRsqBtEzBhTo"
"","ChIJKSwFyzKLMEARoVnx-D_8t1o","Uğur Dönər","restaurant","5","3","","Restaurant","centre","FXH2+RF5, Zabrat, Azerbaijan","https://www.google.com/maps/search/?api=1&query=U%C4%9Fur%20D%C3%B6n%C9%99r&query_place_id=ChIJKSwFyzKLMEARoVnx-D_8t1o"
"","ChIJuTALXQBfMEARnw13MEfEzBY","Tərlanın Dönəri","restaurant","5","3","","Family restaurant","centre","F4RH+5GG, Mardakan, Azerbaijan","https://www.google.com/maps/search/?api=1&query=T%C9%99rlan%C4%B1n%20D%C3%B6n%C9%99ri&query_place_id=ChIJuTALXQBfMEARnw13MEfEzBY"
"","ChIJbZ4KVbH1MEARL1jhzgHf6W4","Feeka Coffee Shop","cafe_coffee","5","3","","Coffee shop","centre","6 Rasim Imanov, Baku 1090, Azerbaijan","https://www.google.com/maps/search/?api=1&query=Feeka%20Coffee%20Shop&query_place_id=ChIJbZ4KVbH1MEARL1jhzgHf6W4"
"","ChIJfZ9vSADzMEARfSd91M9HwI8","Grand Pool Restaurant","restaurant","5","3","","Restaurant","centre","HXRQ+R54, Nardaran, Azerbaijan","https://www.google.com/maps/search/?api=1&query=Grand%20Pool%20Restaurant&query_place_id=ChIJfZ9vSADzMEARfSd91M9HwI8"
"","ChIJe2TCFMHzMEARCibVH0urjQo","Ruma Beach Club Sea Breeze","restaurant","5","3","","Restaurant","centre","Sea Breeze, Baku 1000, Azerbaijan","https://www.google.com/maps/search/?api=1&query=Ruma%20Beach%20Club%20Sea%20Breeze&query_place_id=ChIJe2TCFMHzMEARCibVH0urjQo"
"","ChIJLTo9phvzMEARJp959R6ViJY","İzqağa Meat House","restaurant","5","3","","Turkish restaurant","Bilgah, Azerbaijan","16 Dalan, Bilgah, Azerbaijan","https://www.google.com/maps/search/?api=1&query=%C4%B0zqa%C4%9Fa%20Meat%20House&query_place_id=ChIJLTo9phvzMEARJp959R6ViJY"
"","ChIJ8SyqeQDxMEARQv3uvqnA8Ao","Kafe Bilgeh","cafe_coffee","5","3","","Coffee shop","Bilgah, Azerbaijan","249 Zagulba Highway, Baku, Azerbaijan","https://www.google.com/maps/search/?api=1&query=Kafe%20Bilgeh&query_place_id=ChIJ8SyqeQDxMEARQv3uvqnA8Ao"
"","ChIJlxswz9xeMEARTZpYW_I6f9c","Zer Cafe","cafe_coffee","5","3","","Cafe","Mardakan, Azerbaijan","F5P5+XVH, Mardakan, Azerbaijan","https://www.google.com/maps/search/?api=1&query=Zer%20Cafe&query_place_id=ChIJlxswz9xeMEARTZpYW_I6f9c"
"","ChIJS2FPUpZ9MEARTn44KhhHVwc","Chati Lounge Baku","lounge_hookah","4.7","3","","Hookah bar","centre","140 A Abbas Mirze Serifzade street, Inshaatcilar, Baku, Azerbaijan","https://www.google.com/maps/search/?api=1&query=Chati%20Lounge%20Baku&query_place_id=ChIJS2FPUpZ9MEARTn44KhhHVwc"
"","ChIJl6W5EbaTMEAR8kN8wy03uNs","Dostlar beach&restaurant","restaurant","4.7","3","","Seafood restaurant","centre","Goradil, Azerbaijan","https://www.google.com/maps/search/?api=1&query=Dostlar%20beach%26restaurant&query_place_id=ChIJl6W5EbaTMEAR8kN8wy03uNs"
"","ChIJM0Hqt8qHMEARPKT4onDEUeQ","V9 Karaoke & Cinema Rooms","restaurant","4.7","3","","Restaurant","centre","CR3P+7JP, Unnamed Road, Baku, Azerbaijan","https://www.google.com/maps/search/?api=1&query=V9%20Karaoke%20%26%20Cinema%20Rooms&query_place_id=ChIJM0Hqt8qHMEARPKT4onDEUeQ"
"","ChIJHSLBqxeTMEAR_uoRrj-8iko","Cahide Baku","restaurant","4.7","3","","Restaurant","centre","Novxanı, Dənizkənarı, Sumqayit 0119, Azerbaijan","https://www.google.com/maps/search/?api=1&query=Cahide%20Baku&query_place_id=ChIJHSLBqxeTMEAR_uoRrj-8iko"
"","ChIJ808JDrx9MEARiNIMMagb7Q0","Mangal steak","","4.7","3","","","centre","Flame Towers, 1A Mehdi Huseyn St, Baku 1006, Azerbaijan","https://www.google.com/maps/search/?api=1&query=Mangal%20steak&query_place_id=ChIJ808JDrx9MEARiNIMMagb7Q0"
"","ChIJ9wAtIgB9MEAR6z-2GuP-MuQ","Qutab Street Shop","dessert_bakery","4.3","3","","Bakery","centre","43 Ulvi Bunyad-Zadeh Street, Bakı, Azerbaijan","https://www.google.com/maps/search/?api=1&query=Qutab%20Street%20Shop&query_place_id=ChIJ9wAtIgB9MEAR6z-2GuP-MuQ"
"","ChIJgWcvZPZZMEAR-OFMoH3z70w","Bağ Way Terrace & Restaurant","restaurant","4.3","3","","Restaurant","centre","Mərdəkan, küçəsi 18A Sahil, Баку 1044, Azerbaijan","https://www.google.com/maps/search/?api=1&query=Ba%C4%9F%20Way%20Terrace%20%26%20Restaurant&query_place_id=ChIJgWcvZPZZMEAR-OFMoH3z70w"
"","ChIJj5XbYyt9MEAR9TMgtw5NjZI","thefish.baku","restaurant","4.3","3","","Seafood restaurant","centre","9RRW+2JH, Baku, Azerbaijan","https://www.google.com/maps/search/?api=1&query=thefish.baku&query_place_id=ChIJj5XbYyt9MEAR9TMgtw5NjZI"
"","ChIJY-figcOHOkARoEa2l3_r6aU","Kismis","restaurant","3.7","3","","Restaurant","centre","Sahil, Azerbaijan","https://www.google.com/maps/search/?api=1&query=Kismis&query_place_id=ChIJY-figcOHOkARoEa2l3_r6aU"
"","ChIJLdVBd-aHMEAR886s1A-tRlo","Qutab House","restaurant","3.7","3","","Restaurant","centre","CR6V+P8V, Ibrahimpasha Dadashov, Baku, Azerbaijan","https://www.google.com/maps/search/?api=1&query=Qutab%20House&query_place_id=ChIJLdVBd-aHMEAR886s1A-tRlo"
"","ChIJwRmUDa7xMEARorhWOJOynjk","Hazar Cafe, restaurant Lounge","lounge_hookah","3.7","3","","Lunch restaurant","centre","Bilgah, Azerbaycan Baku, Bilgah, Azerbaijan","https://www.google.com/maps/search/?api=1&query=Hazar%20Cafe%2C%20restaurant%20Lounge&query_place_id=ChIJwRmUDa7xMEARorhWOJOynjk"
"","ChIJY1Zyy5tZMEAR5MYpUD5MKyo","Manolya NM Restaurant Mardakan","restaurant","3.7","3","","Restaurant","centre","Şüvəlan yolu 37a, Mardakan, Bakı 1044, Azerbaijan","https://www.google.com/maps/search/?api=1&query=Manolya%20NM%20Restaurant%20Mardakan&query_place_id=ChIJY1Zyy5tZMEAR5MYpUD5MKyo"
"","ChIJf89v6gZ9MEARTZr-DRRebOI","Chill Point","bar_pub","3.7","3","","Cocktail bar","centre","63 Nizami St, Baku, Azerbaijan","https://www.google.com/maps/search/?api=1&query=Chill%20Point&query_place_id=ChIJf89v6gZ9MEARTZr-DRRebOI"
"","ChIJm8S3kiWJOkARIcd0ugXG_44","AS Burger","quick_bites","1","3","","Fast food restaurant","centre","Sahil qesebesi, 41c Bəxtiyar Əliyev, Ümid qəsəbəsi, Azerbaijan","https://www.google.com/maps/search/?api=1&query=AS%20Burger&query_place_id=ChIJm8S3kiWJOkARIcd0ugXG_44"
"","ChIJK4tCZgCJOkARqJCE_bYFnFE","Soltanli Habilin kafesi","restaurant","5","2","","Family restaurant","centre","6HFC+XQQ, Azerbaijan","https://www.google.com/maps/search/?api=1&query=Soltanli%20Habilin%20kafesi&query_place_id=ChIJK4tCZgCJOkARqJCE_bYFnFE"
"","ChIJ29ddAgN9MEARh6Mx2gSGTNU","Iberia Georgian Restaurant","restaurant","5","2","","Restaurant","centre","16 28th May, Baku, Azerbaijan","https://www.google.com/maps/search/?api=1&query=Iberia%20Georgian%20Restaurant&query_place_id=ChIJ29ddAgN9MEARh6Mx2gSGTNU"
"","ChIJ42ttlCiJOkARaIE78HCUvEw","Medusa Lounge Sahil","lounge_hookah","5","2","","Cafe","centre","6HGG+7P8, Zahid Qasımov küçəsi, Ümid qəsəbəsi, Azerbaijan","https://www.google.com/maps/search/?api=1&query=Medusa%20Lounge%20Sahil&query_place_id=ChIJ42ttlCiJOkARaIE78HCUvEw"
"","ChIJ2YeJsLB9MEARk98CaPH0ETc","Hookah Lounge","lounge_hookah","5","2","","Restaurant","centre","63 Nizami St, Baku 1005, Azerbaijan","https://www.google.com/maps/search/?api=1&query=Hookah%20Lounge&query_place_id=ChIJ2YeJsLB9MEARk98CaPH0ETc"
"","ChIJozlOCnN9MEARUZHHb_tngVM","Arena Lounge","lounge_hookah","5","2","","Hookah bar","centre","17A Abbasgulu Abbaszadeh, Baku 1073, Azerbaijan","https://www.google.com/maps/search/?api=1&query=Arena%20Lounge&query_place_id=ChIJozlOCnN9MEARUZHHb_tngVM"
"","ChIJD4LvUu59MEARbVVE4yyM7bk","Good Qutab Place","bar_pub","5","2","","Bar","centre","12b Ələsgər Ələkbərov Küçəsi, Bakı 1073, Azerbaijan","https://www.google.com/maps/search/?api=1&query=Good%20Qutab%20Place&query_place_id=ChIJD4LvUu59MEARbVVE4yyM7bk"
"","ChIJa132XaBfMEARrrujZVe4W88","Bibinin qutab evi","restaurant","5","2","","Restaurant","centre","F489+9RJ, Mardakan, Azerbaijan","https://www.google.com/maps/search/?api=1&query=Bibinin%20qutab%20evi&query_place_id=ChIJa132XaBfMEARrrujZVe4W88"
"","ChIJk07fWwB9MEARzOMG-JjXrBw","Kəhrəba Lounge","lounge_hookah","5","2","","Azerbaijani restaurant","centre","9QCW+744, Baku, Azerbaijan","https://www.google.com/maps/search/?api=1&query=K%C9%99hr%C9%99ba%20Lounge&query_place_id=ChIJk07fWwB9MEARzOMG-JjXrBw"
"","ChIJGWpE0YjzOkARZRwqfH2IiKI","qobustan tort levazimatlari","dessert_bakery","5","2","","Pastry shop","centre","3CJ7+XM9, Qobustan, Azerbaijan","https://www.google.com/maps/search/?api=1&query=qobustan%20tort%20levazimatlari&query_place_id=ChIJGWpE0YjzOkARZRwqfH2IiKI"
"","ChIJ2248dAB9MEARMCwobwsEUMk","Yedinci Masa","restaurant","5","2","","Turkish restaurant","centre","199 Bashir Safar-Oghlu St, Baku, Azerbaijan","https://www.google.com/maps/search/?api=1&query=Yedinci%20Masa&query_place_id=ChIJ2248dAB9MEARMCwobwsEUMk"
"","ChIJI2uoJ-p9MEARI88AfbjdffY","Jeykhan Restaurant","restaurant","5","2","","Turkish restaurant","centre","CV38+MGX, Fatali Khan Khoyski, Baku, Azerbaijan","https://www.google.com/maps/search/?api=1&query=Jeykhan%20Restaurant&query_place_id=ChIJI2uoJ-p9MEARI88AfbjdffY"
"","ChIJNxe4OADzOkARNLucEpBjy78","Sheyx lounge","lounge_hookah","5","2","","Bar","centre","3CQ3+466, Qobustan, Azerbaijan","https://www.google.com/maps/search/?api=1&query=Sheyx%20lounge&query_place_id=ChIJNxe4OADzOkARNLucEpBjy78"
"","ChIJd02e1q6JMEARu3j6ijuLjOk","Mövsümi Tea House","restaurant","5","2","","Restaurant","centre","FR8Q+629, Baku, Azerbaijan","https://www.google.com/maps/search/?api=1&query=M%C3%B6vs%C3%BCmi%20Tea%20House&query_place_id=ChIJd02e1q6JMEARu3j6ijuLjOk"
"","ChIJAUGRqSPxMEARqTDY1oG1Xxo","Milano's Pizza & Pasta Bilgeh","restaurant","5","2","","Italian restaurant","centre","Bilgeh, Baku 1025, Azerbaijan","https://www.google.com/maps/search/?api=1&query=Milano's%20Pizza%20%26%20Pasta%20Bilgeh&query_place_id=ChIJAUGRqSPxMEARqTDY1oG1Xxo"
"","ChIJ23C2TwD1MEARUvw5l4VtdfY","Bir Dad doner cafe","quick_bites","5","2","","Fast food restaurant","centre","GXHX+934, Nardaran, Azerbaijan","https://www.google.com/maps/search/?api=1&query=Bir%20Dad%20doner%20cafe&query_place_id=ChIJ23C2TwD1MEARUvw5l4VtdfY"
"","ChIJk6ZW7SqNMEARYliUxeLeyUM","İstisoba.house","dessert_bakery","5","2","","Bakery","centre","Ağa Əlizadə, Baku, Azerbaijan","https://www.google.com/maps/search/?api=1&query=%C4%B0stisoba.house&query_place_id=ChIJk6ZW7SqNMEARYliUxeLeyUM"
"","ChIJSTRC8fpfMEARiqdYff7ETtk","Nemiroff Bar","bar_pub","5","2","","Bar","centre","Baku 1090, Azerbaijan","https://www.google.com/maps/search/?api=1&query=Nemiroff%20Bar&query_place_id=ChIJSTRC8fpfMEARiqdYff7ETtk"
"","ChIJPXgyzz3xMEARo5-RnUSoei0","Scalini italian resturant","bar_pub","5","2","","Bar","centre","H3G7+XRV, Bilgah, Azerbaijan","https://www.google.com/maps/search/?api=1&query=Scalini%20italian%20resturant&query_place_id=ChIJPXgyzz3xMEARo5-RnUSoei0"
"","ChIJQY5pPwBfMEARJz0ql9g6oNY","ICE PUB Mərdəkan","bar_pub","5","2","","Restaurant","centre","G46Q+WH, Mardakan, Azerbaijan","https://www.google.com/maps/search/?api=1&query=ICE%20PUB%20M%C9%99rd%C9%99kan&query_place_id=ChIJQY5pPwBfMEARJz0ql9g6oNY"
"","ChIJVV4MaAD1MEARVFql0Asxrpo","Qaraj Lounge","lounge_hookah","5","2","","Villa","centre","26k Əsəd Əhmədov, Baku, Azerbaijan","https://www.google.com/maps/search/?api=1&query=Qaraj%20Lounge&query_place_id=ChIJVV4MaAD1MEARVFql0Asxrpo"
"","ChIJo3JMDtCNMEARzS_zJ3kZ-jE","Bizim Ailə Kulninariya","dessert_bakery","5","2","","Bakery","centre","GWRC+P99, Kurdexani, Azerbaijan","https://www.google.com/maps/search/?api=1&query=Bizim%20Ail%C9%99%20Kulninariya&query_place_id=ChIJo3JMDtCNMEARzS_zJ3kZ-jE"
"","ChIJtZBRFEONMEARos4kaQayLhw","Baki corek zavodu","dessert_bakery","5","2","","Bakery","centre","GWHJ+CP2, Baku, Azerbaijan","https://www.google.com/maps/search/?api=1&query=Baki%20corek%20zavodu&query_place_id=ChIJtZBRFEONMEARos4kaQayLhw"
"","ChIJ-fbYLnf1MEARl7lKO8IavhI","Dönər və qutab","dessert_bakery","5","2","","Bakery","centre","G2M3+CR3, Azerbaijan","https://www.google.com/maps/search/?api=1&query=D%C3%B6n%C9%99r%20v%C9%99%20qutab&query_place_id=ChIJ-fbYLnf1MEARl7lKO8IavhI"
"","ChIJqZWGAwCJMEAR_H3-bUxmm2U","Dürüm House","restaurant","5","2","","Buffet restaurant","centre","FVJ3+HW, Baku, Azerbaijan","https://www.google.com/maps/search/?api=1&query=D%C3%BCr%C3%BCm%20House&query_place_id=ChIJqZWGAwCJMEAR_H3-bUxmm2U"
"","ChIJD6-hWgBfMEARsOZ_m1T_zaA","Naxçıvan lavaşı","dessert_bakery","5","2","","Bakery","centre","F3QC+CH6, Mardakan, Azerbaijan","https://www.google.com/maps/search/?api=1&query=Nax%C3%A7%C4%B1van%20lava%C5%9F%C4%B1&query_place_id=ChIJD6-hWgBfMEARsOZ_m1T_zaA"
"","ChIJjdmnbgCHMEARIlZpIG3eQw8","midorisushibaku","restaurant","5","2","","Seafood restaurant","centre","CRCR+3C9, Baku, Azerbaijan","https://www.google.com/maps/search/?api=1&query=midorisushibaku&query_place_id=ChIJjdmnbgCHMEARIlZpIG3eQw8"
"","ChIJmyN5LthZMEARESoNQ8STSBk","Tikan","bar_pub","5","2","","Tegal restaurant","centre","413 Hacı Zeynalabdin Tağıyev, Mardakan 1044, Azerbaijan","https://www.google.com/maps/search/?api=1&query=Tikan&query_place_id=ChIJmyN5LthZMEARESoNQ8STSBk"
"","ChIJ8Zo4TIF9MEARiisagTynQPo","Damda Lounge and Restaurant","lounge_hookah","5","2","","Restaurant","centre","4th floor, Boutique19 Hotel, 19 Əziz Əliyev, Bakı 1000, Azerbaijan","https://www.google.com/maps/search/?api=1&query=Damda%20Lounge%20and%20Restaurant&query_place_id=ChIJ8Zo4TIF9MEARiisagTynQPo"
"","ChIJ6ztuFfiHMEARywbDsErdOwA","Gab to Go","restaurant","5","2","","Asian restaurant","centre","CR2M+WWW, Yusif Vəzir Çəmənzəminli, Bakı, Azerbaijan","https://www.google.com/maps/search/?api=1&query=Gab%20to%20Go&query_place_id=ChIJ6ztuFfiHMEARywbDsErdOwA"
"","ChIJNYtKrIZhMEARIBTOUTjE17I","Binə sushi house Mahirchef","restaurant","5","2","","Sushi restaurant","centre","Qartal Marketin üzbəüzü, Rizvan Məmmədhüseynov küçəsi, 117 saylı məktəbin arxa girişi, Bakı 1045, Azerbaijan","https://www.google.com/maps/search/?api=1&query=Bin%C9%99%20sushi%20house%20Mahirchef&query_place_id=ChIJNYtKrIZhMEARIBTOUTjE17I"
"","ChIJTWK3kj2LMEARM6xYbzuVGmA","Dastanlar","restaurant","5","2","","Family restaurant","centre","FWCX+F37, Zabrat, Azerbaijan","https://www.google.com/maps/search/?api=1&query=Dastanlar&query_place_id=ChIJTWK3kj2LMEARM6xYbzuVGmA"
"","ChIJNdrGns6PMEARF7T5VFn3b8M","Kubinka Dagli Coreyi restorani","restaurant","5","2","","Restaurant","Novxanı, Azerbaijan","GQHQ+G3W, Binagadi-Novkhany Hwy, Novxanı, Azerbaijan","https://www.google.com/maps/search/?api=1&query=Kubinka%20Dagli%20Coreyi%20restorani&query_place_id=ChIJNdrGns6PMEARF7T5VFn3b8M"
"","ChIJpYqmCACRMEARfkTVLqeQlfU","AİLƏVİ BAĞ MƏKΑΝ RESTORAN","restaurant","5","2","","Restaurant","Novxanı, Azerbaijan","GQXJ+P7V, Nokhany, Baku, Azerbaijan","https://www.google.com/maps/search/?api=1&query=A%C4%B0L%C6%8FV%C4%B0%20BA%C4%9E%20M%C6%8FK%CE%91%CE%9D%20RESTORAN&query_place_id=ChIJpYqmCACRMEARfkTVLqeQlfU"
"","ChIJLRwJaADzMEARXDqXQgOIQt8","Great House","restaurant","5","2","","Restaurant","Nardaran, Azerbaijan","HXGW+45G, Nardaran, Azerbaijan","https://www.google.com/maps/search/?api=1&query=Great%20House&query_place_id=ChIJLRwJaADzMEARXDqXQgOIQt8"
"","ChIJleQHcQCJOkARImgmgBIGwb0","Yalçın Bulutun Məkanı","restaurant","4.5","2","","Buffet restaurant","centre","5 Baku-Alat-Gazakh-Georgia Hwy, Azerbaijan","https://www.google.com/maps/search/?api=1&query=Yal%C3%A7%C4%B1n%20Bulutun%20M%C9%99kan%C4%B1&query_place_id=ChIJleQHcQCJOkARImgmgBIGwb0"
"","ChIJmzjQ0dV9MEARor480o3DZ6M","Balik fush burger","cafe_coffee","4","2","","Cafe","centre","9RGW+VG5, Dilara Aliyeva, Baku, Azerbaijan","https://www.google.com/maps/search/?api=1&query=Balik%20fush%20burger&query_place_id=ChIJmzjQ0dV9MEARor480o3DZ6M"
"","ChIJ8ZnRYwCHMEARa2RpqbFuJGo","Qutab evi","restaurant","3.5","2","","Family restaurant","centre","1, Bakı, Azerbaijan","https://www.google.com/maps/search/?api=1&query=Qutab%20evi&query_place_id=ChIJ8ZnRYwCHMEARa2RpqbFuJGo"
"","ChIJQZTiSun1MEARbY3hfA3Plos","Xazri Restaurant & Sport Lounge","lounge_hookah","3","2","","Restaurant","centre","14, 16 Güloğlan Məmmədov, Bakı 1090, Azerbaijan","https://www.google.com/maps/search/?api=1&query=Xazri%20Restaurant%20%26%20Sport%20Lounge&query_place_id=ChIJQZTiSun1MEARbY3hfA3Plos"
"","ChIJjWkXBDuLMEARwUncHqvuHIY","Friends Game and Karaoke","restaurant","3","2","","Restaurant","centre","FWQV+82F, Xavər Vəliyev, Zabrat, Azerbaijan","https://www.google.com/maps/search/?api=1&query=Friends%20Game%20and%20Karaoke&query_place_id=ChIJjWkXBDuLMEARwUncHqvuHIY"
"","ChIJiazB69tjMEARvQTg560z-5A","Sushi Art Baku","","3","2","","Sushi takeaway","centre","61 Şirin Mirzəyev, Bakı 1147, Azerbaijan","https://www.google.com/maps/search/?api=1&query=Sushi%20Art%20Baku&query_place_id=ChIJiazB69tjMEARvQTg560z-5A"
"","ChIJ6yNg7dFfMEAR6xJ6h_PTWdk","Dolmabahçe restaurant","restaurant","3","2","","Azerbaijani restaurant","Mardakan, Azerbaijan","Mardakan, Hacı Zeynalabdin Tagiyev, Baku 1044, Azerbaijan","https://www.google.com/maps/search/?api=1&query=Dolmabah%C3%A7e%20restaurant&query_place_id=ChIJ6yNg7dFfMEAR6xJ6h_PTWdk"
"","ChIJxSEmHJ9ZMEAR5bM9IbpP3V4","Pubilion Pub","bar_pub","2","2","","Pub","centre","Mərdəkan, 37A şosesi, Bakı, Azerbaijan","https://www.google.com/maps/search/?api=1&query=Pubilion%20Pub&query_place_id=ChIJxSEmHJ9ZMEAR5bM9IbpP3V4"
"","ChIJhdZWdwB9MEARDx-a8Rzc40A","İveriya Gürcü restoranı","restaurant","5","1","","Georgian restaurant","centre","9RFQ+589, Baku 1005, Azerbaijan","https://www.google.com/maps/search/?api=1&query=%C4%B0veriya%20G%C3%BCrc%C3%BC%20restoran%C4%B1&query_place_id=ChIJhdZWdwB9MEARDx-a8Rzc40A"
"","ChIJTwAgcwCJOkAR4SiaQyUwG2k","Sebeer Cafe","cafe_coffee","5","1","","Cafe","centre","6HFH+C5W, Ümid qəsəbəsi, Azerbaijan","https://www.google.com/maps/search/?api=1&query=Sebeer%20Cafe&query_place_id=ChIJTwAgcwCJOkAR4SiaQyUwG2k"
"","ChIJN4zzEqKJOkAR9pP3enaDjpU","Cay evi","cafe_coffee","5","1","","Coffee shop","centre","Qızıldaş yolu, Azerbaijan","https://www.google.com/maps/search/?api=1&query=Cay%20evi&query_place_id=ChIJN4zzEqKJOkAR9pP3enaDjpU"
"","ChIJ48JPCgCJOkARQJI4cRXQMR0","PAŞAM dönər","quick_bites","5","1","","Fast food restaurant","centre","6HGG+8CQ, Qəsəbə, Azerbaijan","https://www.google.com/maps/search/?api=1&query=PA%C5%9EAM%20d%C3%B6n%C9%99r&query_place_id=ChIJ48JPCgCJOkARQJI4cRXQMR0"
"","ChIJyfDXVEmJOkARal1_xsSu0oc","Çay-kafe","dessert_bakery","5","1","","Ice cream shop","centre","6HGM+7WR, B. Əliyev, Azerbaijan","https://www.google.com/maps/search/?api=1&query=%C3%87ay-kafe&query_place_id=ChIJyfDXVEmJOkARal1_xsSu0oc"
"","ChIJhagrwFmJOkAR66MBV9ysYnk","RAİL CAKE HOUSE","dessert_bakery","5","1","","Dessert restaurant","centre","Qəsəbə, Azerbaijan","https://www.google.com/maps/search/?api=1&query=RA%C4%B0L%20CAKE%20HOUSE&query_place_id=ChIJhagrwFmJOkAR66MBV9ysYnk"
"","ChIJ7WFDKAB9MEARj29Z8S2mLgk","Bakery House (hezz)","dessert_bakery","5","1","","Bakery","centre","9RFF+QC6, ул. Мирза Ага Алиева, Baku, Azerbaijan","https://www.google.com/maps/search/?api=1&query=Bakery%20House%20(hezz)&query_place_id=ChIJ7WFDKAB9MEARj29Z8S2mLgk"
"","ChIJf3RcOgB9MEARmLbR0k-nSlA","Istanbul Kebab","restaurant","5","1","","Asian restaurant","centre","9R9Q+QJF, Abdulkarim Ali-Zadeh St, Baku, Azerbaijan","https://www.google.com/maps/search/?api=1&query=Istanbul%20Kebab&query_place_id=ChIJf3RcOgB9MEARmLbR0k-nSlA"
"","ChIJY_SHSgCHMEAR8JeYlByCw4o","Qutab evi ailəvi restoran","restaurant","5","1","","Family restaurant","centre","3a Yeni Yasamal 2, Bakı, Azerbaijan","https://www.google.com/maps/search/?api=1&query=Qutab%20evi%20ail%C9%99vi%20restoran&query_place_id=ChIJY_SHSgCHMEAR8JeYlByCw4o"
"","ChIJRZC5WQDpOkARKQ-vO9I56CE","restoran","quick_bites","5","1","","Fast food restaurant","centre","XCQH+6C3, Sychlijar, Azerbaijan","https://www.google.com/maps/search/?api=1&query=restoran&query_place_id=ChIJRZC5WQDpOkARKQ-vO9I56CE"
"","ChIJ3ytKDADnOkARiL3PMoOxcl4","Gazi anteplinin yeri Resturant","restaurant","5","1","","Turkish restaurant","centre","W8XM+2M, Pirsaat, Azerbaijan","https://www.google.com/maps/search/?api=1&query=Gazi%20anteplinin%20yeri%20Resturant&query_place_id=ChIJ3ytKDADnOkARiL3PMoOxcl4"
"","ChIJB0RkTs1jMEARUi44pkD-oB4","isti qutab","dessert_bakery","5","1","","Bakery","centre","CVFR+H4, Baku, Azerbaijan","https://www.google.com/maps/search/?api=1&query=isti%20qutab&query_place_id=ChIJB0RkTs1jMEARUi44pkD-oB4"
"","ChIJC4ytXgB9MEARv-6p0D98idU","Koz Halil usta","restaurant","5","1","","Turkish restaurant","centre","9RM7+M68, Hasan Majidov St, Baku, Azerbaijan","https://www.google.com/maps/search/?api=1&query=Koz%20Halil%20usta&query_place_id=ChIJC4ytXgB9MEARv-6p0D98idU"
"","ChIJKxtNTJZ9MEAR-BcI_yhK-7A","Pazmen İsanın Kafesi","restaurant","5","1","","Turkish restaurant","centre","9R49+27J, Abbasgulu Abbaszadeh, Baku, Azerbaijan","https://www.google.com/maps/search/?api=1&query=Pazmen%20%C4%B0san%C4%B1n%20Kafesi&query_place_id=ChIJKxtNTJZ9MEAR-BcI_yhK-7A"
"","ChIJD4OwfACHMEARricvcgP58RE","Miraj","restaurant","5","1","","Turkish restaurant","centre","42a Jafar Khandan St, Baku, Azerbaijan","https://www.google.com/maps/search/?api=1&query=Miraj&query_place_id=ChIJD4OwfACHMEARricvcgP58RE"
"","ChIJw0FNOSjzMEAR1VkBC97GIHc","Papa’s Burger","quick_bites","5","1","","Fast food restaurant","centre","HXRJ+XC, Nardaran, Azerbaijan","https://www.google.com/maps/search/?api=1&query=Papa%E2%80%99s%20Burger&query_place_id=ChIJw0FNOSjzMEAR1VkBC97GIHc"
"","ChIJdStJSgD1MEAR5vGq_gbqB4g","Kabab Evi","quick_bites","5","1","","Kebab shop","centre","G2H7+3MV, Nardaran, Azerbaijan","https://www.google.com/maps/search/?api=1&query=Kabab%20Evi&query_place_id=ChIJdStJSgD1MEAR5vGq_gbqB4g"
"","ChIJo_0hApr1MEAR39fEgWd5-FA","Pizza Art & Modern Kafe","restaurant","5","1","","Restaurant","centre","G39J+CGG, Baku, Azerbaijan","https://www.google.com/maps/search/?api=1&query=Pizza%20Art%20%26%20Modern%20Kafe&query_place_id=ChIJo_0hApr1MEAR39fEgWd5-FA"
"","ChIJmzNfZgBfMEARnEW8vD_SAIw","Rasim Coffee","cafe_coffee","5","1","","Coffee shop","centre","F5RH+327, Mardakan, Azerbaijan","https://www.google.com/maps/search/?api=1&query=Rasim%20Coffee&query_place_id=ChIJmzNfZgBfMEARnEW8vD_SAIw"
"","ChIJFV_LBwCTMEAR4xhUbLPvAoo","Puerxana Novxanı","","5","1","","Chinese tea house","centre","Novxanı, Azerbaijan","https://www.google.com/maps/search/?api=1&query=Puerxana%20Novxan%C4%B1&query_place_id=ChIJFV_LBwCTMEAR4xhUbLPvAoo"
"","ChIJZwQVfgBfMEARcOdYVr0wdhE","Elçin çayxana","tea_house","5","1","","Tea house","centre","F5RH+852, Mardakan, Azerbaijan","https://www.google.com/maps/search/?api=1&query=El%C3%A7in%20%C3%A7ayxana&query_place_id=ChIJZwQVfgBfMEARcOdYVr0wdhE"
"","ChIJL1EJAQD1MEARlssB8ZVTfAs","Bacook Bakery","dessert_bakery","5","1","","Bakery","centre","G2M3+7RW, Azerbaijan","https://www.google.com/maps/search/?api=1&query=Bacook%20Bakery&query_place_id=ChIJL1EJAQD1MEARlssB8ZVTfAs"
"","ChIJlxJIBwD1MEARR7sCdksmVoY","İsti tendir","dessert_bakery","5","1","","Bakery","centre","G2G9+45V, Azerbaijan","https://www.google.com/maps/search/?api=1&query=%C4%B0sti%20tendir&query_place_id=ChIJlxJIBwD1MEARR7sCdksmVoY"
"","ChIJrQuZPwBZMEARCV_ktmzM0QY","Milla Ice Cream (Khazar Beach Mardakan)","dessert_bakery","5","1","","Ice cream shop","centre","G55M+FP, Mardakan, Azerbaijan","https://www.google.com/maps/search/?api=1&query=Milla%20Ice%20Cream%20(Khazar%20Beach%20Mardakan)&query_place_id=ChIJrQuZPwBZMEARCV_ktmzM0QY"
"","ChIJbfrkBABfMEARJwrqeFRVCWE","AĞ_ŞAM","bar_pub","5","1","","Bar","centre","F3QC+R96, Azerbaijan","https://www.google.com/maps/search/?api=1&query=A%C4%9E_%C5%9EAM&query_place_id=ChIJbfrkBABfMEARJwrqeFRVCWE"
"","ChIJn1KfQ3ZfMEARrED0Hc-JE4I","Güneş Kafe","bar_pub","5","1","","Bar","centre","F4WJ+VHQ, Heybətqulu Məmmədbəyli, Mərdəkan, Azerbaijan","https://www.google.com/maps/search/?api=1&query=G%C3%BCne%C5%9F%20Kafe&query_place_id=ChIJn1KfQ3ZfMEARrED0Hc-JE4I"
"","ChIJBQtVTwCLMEAR40zVStAUNuo","FIRTINA CLUB","bar_pub","5","1","","Bar","centre","GW5J+G75, Baku, Azerbaijan","https://www.google.com/maps/search/?api=1&query=FIRTINA%20CLUB&query_place_id=ChIJBQtVTwCLMEAR40zVStAUNuo"
"","ChIJXWqJPQDzMEARpAtONss22cs","Brezza Food & Bar","bar_pub","5","1","","Restaurant","centre","HWMM+8J, Nardaran, Azerbaijan","https://www.google.com/maps/search/?api=1&query=Brezza%20Food%20%26%20Bar&query_place_id=ChIJXWqJPQDzMEARpAtONss22cs"
"","ChIJRW_-TABfMEARWr1XhxqwdI4","Draft Baku Pub","bar_pub","5","1","","Restaurant","centre","21 Malik Musayev, Mardakan, Azerbaijan","https://www.google.com/maps/search/?api=1&query=Draft%20Baku%20Pub&query_place_id=ChIJRW_-TABfMEARWr1XhxqwdI4"
"","ChIJcaTubADzMEARYEP-BCXgeHY","Bounty Resto Pub","bar_pub","5","1","","Bar","centre","HXRG+Q3, Nardaran, Azerbaijan","https://www.google.com/maps/search/?api=1&query=Bounty%20Resto%20Pub&query_place_id=ChIJcaTubADzMEARYEP-BCXgeHY"
"","ChIJQ7fu53dfMEARqfcvFF3bNbc","Pub Chef surac","bar_pub","5","1","","Brewery","centre","71 Baba Eliyev, Mardakan, Azerbaijan","https://www.google.com/maps/search/?api=1&query=Pub%20Chef%20surac&query_place_id=ChIJQ7fu53dfMEARqfcvFF3bNbc"
"","ChIJK_XIiiaNMEARbMpVOQmAwyE","RACO PUB","bar_pub","5","1","","Restaurant","centre","HV6Q+5XF, Unnamed Road, Kürdəxanı, Azerbaijan","https://www.google.com/maps/search/?api=1&query=RACO%20PUB&query_place_id=ChIJK_XIiiaNMEARbMpVOQmAwyE"
"","ChIJdQsKfwDzMEART0D4Ub8KYXI","Psp lounge 046","lounge_hookah","5","1","","Internet cafe","centre","GXXR+74C, Azerbaijan","https://www.google.com/maps/search/?api=1&query=Psp%20lounge%20046&query_place_id=ChIJdQsKfwDzMEART0D4Ub8KYXI"
"","ChIJTzNCXwCNMEARDFhyRS_JNzI","Azza","dessert_bakery","5","1","","Bakery","centre","HV4Q+966, Azerbaijan","https://www.google.com/maps/search/?api=1&query=Azza&query_place_id=ChIJTzNCXwCNMEARDFhyRS_JNzI"
"","ChIJHdkFRwBfMEARWUsnN1l2cJI","Bərəkət","dessert_bakery","5","1","","Bakery","centre","G486+HRP, Mardakan, Azerbaijan","https://www.google.com/maps/search/?api=1&query=B%C9%99r%C9%99k%C9%99t&query_place_id=ChIJHdkFRwBfMEARWUsnN1l2cJI"
"","ChIJwanVg0T1MEARdZ-YuusYzS8","“Fırıncı Baba 1”","dessert_bakery","5","1","","Bakery","centre","Nəriman Əliyev, 9 2 Döngə, Bakı, Azerbaijan","https://www.google.com/maps/search/?api=1&query=%E2%80%9CF%C4%B1r%C4%B1nc%C4%B1%20Baba%201%E2%80%9D&query_place_id=ChIJwanVg0T1MEARdZ-YuusYzS8"
"","ChIJDZfVYwCLMEARQIp2NanclG8","ELLA Cake House (Şirniyyat Evi)","dessert_bakery","5","1","","Bakery","centre","124 Molla Vəli Vidadi küçəsi, Zabrat, Azerbaijan","https://www.google.com/maps/search/?api=1&query=ELLA%20Cake%20House%20(%C5%9Eirniyyat%20Evi)&query_place_id=ChIJDZfVYwCLMEARQIp2NanclG8"
"","ChIJu1_cWwBfMEARZpamUagCySs","Qutab","dessert_bakery","5","1","","Bakery","centre","F5P4+PMV, Mardakan, Azerbaijan","https://www.google.com/maps/search/?api=1&query=Qutab&query_place_id=ChIJu1_cWwBfMEARZpamUagCySs"
"","ChIJyZ0x2Yj1MEARAgri-D6uJII","Ev tortlari","dessert_bakery","5","1","","Bakery","centre","G2X4+XV2, Azerbaijan","https://www.google.com/maps/search/?api=1&query=Ev%20tortlari&query_place_id=ChIJyZ0x2Yj1MEARAgri-D6uJII"
"","ChIJddKo9RRfMEARU5NSLIEn99E","Cörək sexi","dessert_bakery","5","1","","Bakery","centre","F3H9+G6, Mardakan, Azerbaijan","https://www.google.com/maps/search/?api=1&query=C%C3%B6r%C9%99k%20sexi&query_place_id=ChIJddKo9RRfMEARU5NSLIEn99E"
"","ChIJqzJDJWeLMEAR1UWdRp6HIuA","SWEET HOUSE ( Qənnadı Mağazası )","dessert_bakery","5","1","","Cake shop","centre","FXHQ+X53, Baku, Azerbaijan","https://www.google.com/maps/search/?api=1&query=SWEET%20HOUSE%20(%20Q%C9%99nnad%C4%B1%20Ma%C4%9Fazas%C4%B1%20)&query_place_id=ChIJqzJDJWeLMEAR1UWdRp6HIuA"
"","ChIJa0lNMQCNMEARE-VYYUYkQJA","Kürdəxanı","dessert_bakery","5","1","","Bakery","centre","Əjdər Məlikov, Azerbaijan","https://www.google.com/maps/search/?api=1&query=K%C3%BCrd%C9%99xan%C4%B1&query_place_id=ChIJa0lNMQCNMEARE-VYYUYkQJA"
"","ChIJEx6iNwCLMEAR1ePkBV70hH4","Günels cakes","dessert_bakery","5","1","","Bakery","centre","GX73+G9F, Azerbaijan","https://www.google.com/maps/search/?api=1&query=G%C3%BCnels%20cakes&query_place_id=ChIJEx6iNwCLMEAR1ePkBV70hH4"
"","ChIJUwlQXwBjMEAR1sO3q3OqlBo","Ləlvər Kafe","restaurant","5","1","","Georgian restaurant","centre","CWWV+9P5, Baku, Azerbaijan","https://www.google.com/maps/search/?api=1&query=L%C9%99lv%C9%99r%20Kafe&query_place_id=ChIJUwlQXwBjMEAR1sO3q3OqlBo"
"","ChIJL7Sq2WmHMEAREG-fevzbpRU","Acharuli Georgian Cuisine","restaurant","5","1","","Georgian restaurant","centre","Наримановский район, Ахмед Раджабли, 2 32 улица, Baku 1075, Azerbaijan","https://www.google.com/maps/search/?api=1&query=Acharuli%20Georgian%20Cuisine&query_place_id=ChIJL7Sq2WmHMEAREG-fevzbpRU"
"","ChIJgcTgLgCHMEAR0Jn9PwX9uGo","Krivetka","restaurant","5","1","","Seafood restaurant","centre","1 Rəşid Məmmədov, Bakı, Azerbaijan","https://www.google.com/maps/search/?api=1&query=Krivetka&query_place_id=ChIJgcTgLgCHMEAR0Jn9PwX9uGo"
"","ChIJm7CEIACHMEAR7kl4TSN0038","Sushi Yonca","restaurant","5","1","","Asian restaurant","centre","2 Ajami Nakhchivani, Baku, Azerbaijan","https://www.google.com/maps/search/?api=1&query=Sushi%20Yonca&query_place_id=ChIJm7CEIACHMEAR7kl4TSN0038"
"","ChIJQ2Fx6SV9MEARXroVyImJCzw","RAHMATH RESTAURANT","restaurant","5","1","","Asian restaurant","centre","district Baku, 100B Nizami St, Baku, Azerbaijan","https://www.google.com/maps/search/?api=1&query=RAHMATH%20RESTAURANT&query_place_id=ChIJQ2Fx6SV9MEARXroVyImJCzw"
"","ChIJuU6xyvF9MEAR1KJiumAo0Ok","TOP ROOF","restaurant","5","1","","Restaurant","centre","90A, 90 Nizami St, Baku, Azerbaijan","https://www.google.com/maps/search/?api=1&query=TOP%20ROOF&query_place_id=ChIJuU6xyvF9MEAR1KJiumAo0Ok"
"","ChIJWX2mfYR9MEAR43DRDddlf1c","Deluxe private rooms","restaurant","5","1","","Restaurant","centre","14 Mehemmed, 14 Nakhchivani St, Baku, Azerbaijan","https://www.google.com/maps/search/?api=1&query=Deluxe%20private%20rooms&query_place_id=ChIJWX2mfYR9MEAR43DRDddlf1c"
"","ChIJO7EFOYb1MEARolJWZZT-66w","Böyükağa dönər","cafe_coffee","5","1","","Cafe","Bilgah, Azerbaijan","H22J+543, Azerbaijan","https://www.google.com/maps/search/?api=1&query=B%C3%B6y%C3%BCka%C4%9Fa%20d%C3%B6n%C9%99r&query_place_id=ChIJO7EFOYb1MEARolJWZZT-66w"
"","ChIJ04h5EoOPMEARXvMQ6p0W6Nk","ƏT","restaurant","5","1","","Chophouse restaurant","Novxanı, Azerbaijan","GQJP+R55, Novxanı, Azerbaijan","https://www.google.com/maps/search/?api=1&query=%C6%8FT&query_place_id=ChIJ04h5EoOPMEARXvMQ6p0W6Nk"
"","ChIJSQOC7BeRMEAR4jPWQsdES98","Ləzzət restoran novxani","restaurant","5","1","","Restaurant","Novxanı, Azerbaijan","HQ3J+23J, Baku, Azerbaijan","https://www.google.com/maps/search/?api=1&query=L%C9%99zz%C9%99t%20restoran%20novxani&query_place_id=ChIJSQOC7BeRMEAR4jPWQsdES98"
"","ChIJ5U-j4MORMEARW_Fb9utA1zI","Shaurma Mangal","quick_bites","5","1","","Fast food restaurant","Novxanı, Azerbaijan","Heydər Əliyev küçəsi 5 Novxanı, Baku 1138, Azerbaijan","https://www.google.com/maps/search/?api=1&query=Shaurma%20Mangal&query_place_id=ChIJ5U-j4MORMEARW_Fb9utA1zI"
"","ChIJg924FQCTMEARG6tjQRCJAXw","Grillo baku","restaurant","5","1","","Chicken restaurant","Novxanı, Azerbaijan","HQ3J+23J, Bakü, Azerbaijan","https://www.google.com/maps/search/?api=1&query=Grillo%20baku&query_place_id=ChIJg924FQCTMEARG6tjQRCJAXw"
"","ChIJPUKGegCPMEARYWhPoOFGkHE","Rafiqin pub","bar_pub","5","1","","Restaurant","Novxanı, Azerbaijan","GQGM+77Q, Novxanı, Azerbaijan","https://www.google.com/maps/search/?api=1&query=Rafiqin%20pub&query_place_id=ChIJPUKGegCPMEARYWhPoOFGkHE"
"","ChIJ3RyrcACPMEAR7JOgJuaVA6o","Corat qutabı novxanı","restaurant","5","1","","Restaurant","Novxanı, Azerbaijan","GQGM+77Q, Novxanı, Azerbaijan","https://www.google.com/maps/search/?api=1&query=Corat%20qutab%C4%B1%20novxan%C4%B1&query_place_id=ChIJ3RyrcACPMEAR7JOgJuaVA6o"
"","ChIJcbeyxuGJOkARoaVfcJI3gZw","Play Station","","4","1","","Internet cafe","centre","5GX4+6XJ, Ümid qəsəbəsi, Azerbaijan","https://www.google.com/maps/search/?api=1&query=Play%20Station&query_place_id=ChIJcbeyxuGJOkARoaVfcJI3gZw"
"","ChIJQyo4obCNOkARlH4GGcl0ufc","Tendir Kafe","cafe_coffee","1","1","","Cafe","centre","5F49+6WG, Sangachal, Azerbaijan","https://www.google.com/maps/search/?api=1&query=Tendir%20Kafe&query_place_id=ChIJQyo4obCNOkARlH4GGcl0ufc"
"","ChIJL74zWlSJMEAR4MzyjFZKmM4","Melek Restoran Israfil","restaurant","1","1","","Restaurant","centre","Baku 1053, Azerbaijan","https://www.google.com/maps/search/?api=1&query=Melek%20Restoran%20Israfil&query_place_id=ChIJL74zWlSJMEAR4MzyjFZKmM4"
"","ChIJ14MmaQCHOkAR8xNHbiONz-U","Əlincə Ṣadlıq evi,","restaurant","","0","","Family restaurant","centre","6HGM+WGM, Ümid qəsəbəsi, Azerbaijan","https://www.google.com/maps/search/?api=1&query=%C6%8Flinc%C9%99%20%E1%B9%A2adl%C4%B1q%20evi%2C&query_place_id=ChIJ14MmaQCHOkAR8xNHbiONz-U"
"","ChIJoSFQTQCJOkARpnWzQFwa7Y4","Firdevs Dönər Evi","quick_bites","","0","","Fast food restaurant","centre","5 Baku-Alat-Gazakh-Georgia Hwy, Azerbaijan","https://www.google.com/maps/search/?api=1&query=Firdevs%20D%C3%B6n%C9%99r%20Evi&query_place_id=ChIJoSFQTQCJOkARpnWzQFwa7Y4"
"","ChIJ2WspzmyHOkARLNh5WCyEUuE","Xeyir-Şər evi","restaurant","","0","","Restaurant","centre","8 Məhərrəm Seyidov, Azerbaijan","https://www.google.com/maps/search/?api=1&query=Xeyir-%C5%9E%C9%99r%20evi&query_place_id=ChIJ2WspzmyHOkARLNh5WCyEUuE"
"","ChIJHWBCxjiHOkARqlF3U3G8fXQ","Şəms","restaurant","","0","","Restaurant","centre","6HGM+WGM, qəsəbəsi, Azerbaijan","https://www.google.com/maps/search/?api=1&query=%C5%9E%C9%99ms&query_place_id=ChIJHWBCxjiHOkARqlF3U3G8fXQ"
"","ChIJ7aK05h-JOkARW8abwgtPAqg","ARKO","restaurant","","0","","Barbecue restaurant","centre","6HFH+78V, Qəsəbə, Azerbaijan","https://www.google.com/maps/search/?api=1&query=ARKO&query_place_id=ChIJ7aK05h-JOkARW8abwgtPAqg"
"","ChIJF5JTUwCJOkARFI6783oStis","Şamaxı Kafe","cafe_coffee","","0","","Cafe","centre","6G27+HMJ, Ümid qәsəbəsi, Ümid qəsəbəsi, Azerbaijan","https://www.google.com/maps/search/?api=1&query=%C5%9Eamax%C4%B1%20Kafe&query_place_id=ChIJF5JTUwCJOkARFI6783oStis"
"","ChIJZUg3fgCNOkARkHMknZKp1Nk","Rehberist","","","0","","Traditional teahouse","centre","4FHC+MM8, Sangachal, Azerbaijan","https://www.google.com/maps/search/?api=1&query=Rehberist&query_place_id=ChIJZUg3fgCNOkARkHMknZKp1Nk"
"","ChIJi-F2TQCJOkARBuPARMPXARc","Basmala Lounge","lounge_hookah","","0","","Cafe","centre","6HFH+86W, Ümid qəsəbəsi, Azerbaijan","https://www.google.com/maps/search/?api=1&query=Basmala%20Lounge&query_place_id=ChIJi-F2TQCJOkARBuPARMPXARc"
"","ChIJ--RCEgCJOkARP3qlbXNFdUg","Bro Services (Kompyuter Playstation Təmiri)","","","0","","Internet cafe","centre","5 Məhərrəm Seyidov, Bakı 1083, Azerbaijan","https://www.google.com/maps/search/?api=1&query=Bro%20Services%20(Kompyuter%20Playstation%20T%C9%99miri)&query_place_id=ChIJ--RCEgCJOkARP3qlbXNFdUg"
"","ChIJh0n_cQCLOkARo5tf-rmmm34","sanqacal kafe","quick_bites","","0","","Fast food restaurant","centre","5FFC+C7P, Sangachal, Azerbaijan","https://www.google.com/maps/search/?api=1&query=sanqacal%20kafe&query_place_id=ChIJh0n_cQCLOkARo5tf-rmmm34"
"","ChIJ9ShjPLGJOkARBn1qjmRmUd8","Aztur restorant","restaurant","","0","","Restaurant","centre","Sahlar eskerov, Baku 1083, Azerbaijan","https://www.google.com/maps/search/?api=1&query=Aztur%20restorant&query_place_id=ChIJ9ShjPLGJOkARBn1qjmRmUd8"
"","ChIJB5qoTwCJOkARSwD4YKhL0oI","Qaradağ rayonu","dessert_bakery","","0","","Ice cream shop","centre","Vaqif Ələkbərov, Azerbaijan","https://www.google.com/maps/search/?api=1&query=Qarada%C4%9F%20rayonu&query_place_id=ChIJB5qoTwCJOkARSwD4YKhL0oI"
"","ChIJ_c9fyS19MEAR3K5tnu_K1_4","Dessert Shop","dessert_bakery","","0","","Cake shop","centre","64 Mirali Gashgai, Baku, Azerbaijan","https://www.google.com/maps/search/?api=1&query=Dessert%20Shop&query_place_id=ChIJ_c9fyS19MEAR3K5tnu_K1_4"
"","ChIJe9OvLACJOkAREOq_zzfWq94","Coffee bakery","cafe_coffee","","0","","Coffee shop","centre","20 Rövşən Rzayev, Baku 1083, Azerbaijan","https://www.google.com/maps/search/?api=1&query=Coffee%20bakery&query_place_id=ChIJe9OvLACJOkAREOq_zzfWq94"
"","ChIJy8Y4nEWHOkAR_xIHZCKZcxo","Vastoçniy Pub","bar_pub","","0","","Brasserie","centre","Şahlar Əsgərov, Bakı 9666, Azerbaijan","https://www.google.com/maps/search/?api=1&query=Vasto%C3%A7niy%20Pub&query_place_id=ChIJy8Y4nEWHOkAR_xIHZCKZcxo"
"","ChIJlzbOoqaJOkARVSp-XPZP2jY","Friend Lounge","lounge_hookah","","0","","Restaurant","centre","Bakı şəh, Qaradağ r/n, Sahil qəs, Zahid Qasımov küç 27, 1083, Azerbaijan","https://www.google.com/maps/search/?api=1&query=Friend%20Lounge&query_place_id=ChIJlzbOoqaJOkARVSp-XPZP2jY"
"","ChIJxUv9I2uJOkARPCpeQC6bK0Q","Alışovlar ailəsi","restaurant","","0","","Restaurant","centre","Baku 1000, Azerbaijan","https://www.google.com/maps/search/?api=1&query=Al%C4%B1%C5%9Fovlar%20ail%C9%99si&query_place_id=ChIJxUv9I2uJOkARPCpeQC6bK0Q"
"","ChIJl9pj9WqHOkARwZ5YdICAbPo","İşıqlı","restaurant","","0","","Restaurant","centre","Baku-Alat-Gazakh-Georgia Hwy, Azerbaijan","https://www.google.com/maps/search/?api=1&query=%C4%B0%C5%9F%C4%B1ql%C4%B1&query_place_id=ChIJl9pj9WqHOkARwZ5YdICAbPo"
"","ChIJZ_WWBgCHOkARPxYgxvXQXIs","Paşam dönər","restaurant","","0","","Restaurant","centre","16 Cənub Küçəsi, Azerbaijan","https://www.google.com/maps/search/?api=1&query=Pa%C5%9Fam%20d%C3%B6n%C9%99r&query_place_id=ChIJZ_WWBgCHOkARPxYgxvXQXIs"
"","ChIJBZJbPgCHOkAR6C7lwy3lyJY","Əlincə Şadlıq sarayı","restaurant","","0","","Restaurant","centre","Emin Quliyev küçəsi, Azerbaijan","https://www.google.com/maps/search/?api=1&query=%C6%8Flinc%C9%99%20%C5%9Eadl%C4%B1q%20saray%C4%B1&query_place_id=ChIJBZJbPgCHOkAR6C7lwy3lyJY"
"","ChIJgWhLNgCHOkARgy5KNV5F2MY","Xudaferin","restaurant","","0","","Restaurant","centre","Məhərrəm Seyidov, Azerbaijan","https://www.google.com/maps/search/?api=1&query=Xudaferin&query_place_id=ChIJgWhLNgCHOkARgy5KNV5F2MY"
"","ChIJhQiFFgCJOkAR3ax3tMUPBOM","24 saat Avto yuma","restaurant","","0","","Restaurant","centre","6HGC+2FH, Qəsəbə, Azerbaijan","https://www.google.com/maps/search/?api=1&query=24%20saat%20Avto%20yuma&query_place_id=ChIJhQiFFgCJOkAR3ax3tMUPBOM"
"","ChIJ95pojHiJOkARTHHgK2qeil8","Şəminin çayxanası","restaurant","","0","","Barbecue restaurant","centre","6HFC+RQC, M.Seyidov küçəsi, Ümid qəsəbəsi, Azerbaijan","https://www.google.com/maps/search/?api=1&query=%C5%9E%C9%99minin%20%C3%A7ayxanas%C4%B1&query_place_id=ChIJ95pojHiJOkARTHHgK2qeil8"
"","ChIJGxy0rweJOkARw2bTAxRoLDw","ÇİNGİZXAN cay evi","restaurant","","0","","Restaurant","centre","6HFC+RQC, M.Seyidov küçəsi, Ümid qəsəbəsi, Azerbaijan","https://www.google.com/maps/search/?api=1&query=%C3%87%C4%B0NG%C4%B0ZXAN%20cay%20evi&query_place_id=ChIJGxy0rweJOkARw2bTAxRoLDw"
"","ChIJByyyQwDnOkARR5iI23c0JCM","Çörək sexi","dessert_bakery","","0","","Bakery","centre","WCX3+6MW, Alat, Azerbaijan","https://www.google.com/maps/search/?api=1&query=%C3%87%C3%B6r%C9%99k%20sexi&query_place_id=ChIJByyyQwDnOkARR5iI23c0JCM"
"","ChIJ9aOoRwDnOkAR_uIHrC7mcsY","vüqar şadlıq sarayi","restaurant","","0","","Brunch restaurant","centre","W9QX+M9P, Alat, Azerbaijan","https://www.google.com/maps/search/?api=1&query=v%C3%BCqar%20%C5%9Fadl%C4%B1q%20sarayi&query_place_id=ChIJ9aOoRwDnOkAR_uIHrC7mcsY"
"","ChIJVWDC6-_nOkARpcwtu89NOoI","Acıktım","restaurant","","0","","Family restaurant","centre","yolu, 41-ci km, Alat, Azerbaijan","https://www.google.com/maps/search/?api=1&query=Ac%C4%B1kt%C4%B1m&query_place_id=ChIJVWDC6-_nOkARpcwtu89NOoI"
"","ChIJ3xhfvknpOkAR52l1EC0iD9I","Business Cataring Services","restaurant","","0","","Restaurant","centre","İpək yolu, Bakı 1081, Azerbaijan","https://www.google.com/maps/search/?api=1&query=Business%20Cataring%20Services&query_place_id=ChIJ3xhfvknpOkAR52l1EC0iD9I"
"","ChIJHxjkJgDzMEARBUlcCO_92WQ","Domino's pizza Sea Breeze","restaurant","","0","","Pizza restaurant","centre","HXRH+M5P, Nardaran, Azerbaijan","https://www.google.com/maps/search/?api=1&query=Domino's%20pizza%20Sea%20Breeze&query_place_id=ChIJHxjkJgDzMEARBUlcCO_92WQ"
"","ChIJJ6_FZGr1MEARm457M4QreHk","Dürümcü Hubi","quick_bites","","0","","Kebab shop","centre","3 Rasim Imanov, baku 9010, Azerbaijan","https://www.google.com/maps/search/?api=1&query=D%C3%BCr%C3%BCmc%C3%BC%20Hubi&query_place_id=ChIJJ6_FZGr1MEARm457M4QreHk"
"","ChIJowuu9PpeMEAR9gSiyIyu8YQ","FREE Transfer, Breakfast • 7 Min to Beach • Pool • BBQ","","","0","","Villa","centre","Mardakan, Azerbaijan","https://www.google.com/maps/search/?api=1&query=FREE%20Transfer%2C%20Breakfast%20%E2%80%A2%207%20Min%20to%20Beach%20%E2%80%A2%20Pool%20%E2%80%A2%20BBQ&query_place_id=ChIJowuu9PpeMEAR9gSiyIyu8YQ"
"","ChIJ3U4t9s1fMEARbNx74lrzRV8","Kushi sushi","restaurant","","0","","Restaurant","centre","282 Buzovna shosesi, Baki, Azerbaijan","https://www.google.com/maps/search/?api=1&query=Kushi%20sushi&query_place_id=ChIJ3U4t9s1fMEARbNx74lrzRV8"
"","ChIJzaRbbgCLMEARxDimOG5a6Nc","Nazar tea house & pub","bar_pub","","0","","Bar","centre","Cabir Novruz, Azerbaijan","https://www.google.com/maps/search/?api=1&query=Nazar%20tea%20house%20%26%20pub&query_place_id=ChIJzaRbbgCLMEARxDimOG5a6Nc"
"","ChIJqRlchivzMEARkpvvDPx7T0w","Pims","cafe_coffee","","0","","Cafe","centre","Sea Breeze, Нардаран 1, 16 ci Dənizkənarı küçəsi, Nardaran 1069, Azerbaijan","https://www.google.com/maps/search/?api=1&query=Pims&query_place_id=ChIJqRlchivzMEARkpvvDPx7T0w"
"","ChIJZx63MB7zMEAR9klP0I0WEjs","Healthy Gourmet Kitchen","dessert_bakery","","0","","Dessert shop","centre","Ləhiş bağları ev.Şimal, Nardaran ŞTQ, SeaBreeze, m.0, Baku 1097, Azerbaijan","https://www.google.com/maps/search/?api=1&query=Healthy%20Gourmet%20Kitchen&query_place_id=ChIJZx63MB7zMEAR9klP0I0WEjs"
"","ChIJTUI4VwD1MEAREe3xrSlLogM","Chill Bar","bar_pub","","0","","Bar","centre","G4FF+CF4, Azerbaijan","https://www.google.com/maps/search/?api=1&query=Chill%20Bar&query_place_id=ChIJTUI4VwD1MEAREe3xrSlLogM"
"","ChIJGyFaZ6mNMEARWbpywScoogw","Elite Pub & Playstation","bar_pub","","0","","Pub","centre","Mehdiabad-Pirşağı şosessi, Baku, Azerbaijan","https://www.google.com/maps/search/?api=1&query=Elite%20Pub%20%26%20Playstation&query_place_id=ChIJGyFaZ6mNMEARWbpywScoogw"
"","ChIJhWk7v-dfMEARfmf01X69lI4","Port 13","bar_pub","","0","","Bar","centre","BAKI ŞƏHƏRİ, XƏZƏR RAYONU, MƏRDƏKAN, Qesebesk 1022, Azerbaijan","https://www.google.com/maps/search/?api=1&query=Port%2013&query_place_id=ChIJhWk7v-dfMEARfmf01X69lI4"
"","ChIJq1S9UABfMEARRzSap8UWUlw","Cingiz beer","bar_pub","","0","","Bar","centre","1 Baba Əliyev, Mərdəkan, Azerbaijan","https://www.google.com/maps/search/?api=1&query=Cingiz%20beer&query_place_id=ChIJq1S9UABfMEARRzSap8UWUlw"
"","ChIJO_z9dln1MEARYTWkJ-QwAag","inkubator serviz","","","0","","Meyhane","centre","Baku 1041, Azerbaijan","https://www.google.com/maps/search/?api=1&query=inkubator%20serviz&query_place_id=ChIJO_z9dln1MEARYTWkJ-QwAag"
"","ChIJ9fhCMACNMEARsoKM2TxOfMM","MƏRMƏR PUB","bar_pub","","0","","Bar","centre","Pirşağı qəsəbəsi, 2 Hüseynbala Əliyevv küç, Azerbaijan","https://www.google.com/maps/search/?api=1&query=M%C6%8FRM%C6%8FR%20PUB&query_place_id=ChIJ9fhCMACNMEARsoKM2TxOfMM"
"","ChIJkxOfCgCLMEARG3LYz0K4U_g","PUB011","bar_pub","","0","","Bar","centre","FXM3+28G, Zabrat, Azerbaijan","https://www.google.com/maps/search/?api=1&query=PUB011&query_place_id=ChIJkxOfCgCLMEARG3LYz0K4U_g"
"","ChIJrQ4bEAD1MEARjTwrXY21HDE","Gədeş Lounge","lounge_hookah","","0","","Restaurant","centre","küçəsi 2 Axund Şeyx Hüseyn, Bakı 1039, Azerbaijan","https://www.google.com/maps/search/?api=1&query=G%C9%99de%C5%9F%20Lounge&query_place_id=ChIJrQ4bEAD1MEARjTwrXY21HDE"
"","ChIJFWWHAQBfMEARz8zLsdT8xkk","Rahat Lounge","lounge_hookah","","0","","Night club","centre","hamamın yaxınlığı, Elit, Mərdəkan qəsəbəsi, Sergey Yesenin, küçəsi, Azerbaijan","https://www.google.com/maps/search/?api=1&query=Rahat%20Lounge&query_place_id=ChIJFWWHAQBfMEARz8zLsdT8xkk"
"","ChIJV07kGwDzMEARKZDpXn0KBYY","Noma Grand Lounge","lounge_hookah","","0","","Restaurant","centre","HXRP+HQ, Nardaran, Azerbaijan","https://www.google.com/maps/search/?api=1&query=Noma%20Grand%20Lounge&query_place_id=ChIJV07kGwDzMEARKZDpXn0KBYY"
"","ChIJp-WI-riLMEARuvXD244QtMM","Zakir Lounge","lounge_hookah","","0","","Cafeteria","centre","Fərrux Qayıbov, Bakı 1112, Azerbaijan","https://www.google.com/maps/search/?api=1&query=Zakir%20Lounge&query_place_id=ChIJp-WI-riLMEARuvXD244QtMM"
"","ChIJpx8XMABfMEARH0OoOdODOos","Şam Pub","bar_pub","","0","","Bar","centre","F4MH+M78, Mardakan, Azerbaijan","https://www.google.com/maps/search/?api=1&query=%C5%9Eam%20Pub&query_place_id=ChIJpx8XMABfMEARH0OoOdODOos"
"","ChIJk-9ICQBfMEARoqzS1sPMgE0","Pub Bar Adil","bar_pub","","0","","Restaurant","centre","G48G+5H, Mardakan, Azerbaijan","https://www.google.com/maps/search/?api=1&query=Pub%20Bar%20Adil&query_place_id=ChIJk-9ICQBfMEARoqzS1sPMgE0"
"","ChIJkeF6EgBZMEAR_POYOenojO4","NİCAT PUB","bar_pub","","0","","Bar","centre","G53J+JMQ, Хазарский район, Azerbaijan","https://www.google.com/maps/search/?api=1&query=N%C4%B0CAT%20PUB&query_place_id=ChIJkeF6EgBZMEAR_POYOenojO4"
"","ChIJFdVPJACLMEARtA6L8gisJR8","060 Resto/pub","bar_pub","","0","","Restaurant","centre","FWMH+MM5, Zabrat, Azerbaijan","https://www.google.com/maps/search/?api=1&query=060%20Resto%2Fpub&query_place_id=ChIJFdVPJACLMEARtA6L8gisJR8"
"","ChIJw-ka1ZiNMEARgFLb8Bm8SIo","Nicat Pirşağı","restaurant","","0","","Seafood restaurant","centre","Baku, Azerbaijan","https://www.google.com/maps/search/?api=1&query=Nicat%20Pir%C5%9Fa%C4%9F%C4%B1&query_place_id=ChIJw-ka1ZiNMEARgFLb8Bm8SIo"
"","ChIJTQoaU1tjMEARA8_UgE8U5RY","Mangal Steak House St. Nizami 62","restaurant","","0","","Restaurant","centre","CW6H+744 St 62, Baku 1005, Azerbaijan","https://www.google.com/maps/search/?api=1&query=Mangal%20Steak%20House%20St.%20Nizami%2062&query_place_id=ChIJTQoaU1tjMEARA8_UgE8U5RY"
"","ChIJqfiLMwBrMEARaaC49zRXBpY","Mirvari Çimərlik","restaurant","","0","","Seafood restaurant","centre","87GW+5JH, Azerbaijan","https://www.google.com/maps/search/?api=1&query=Mirvari%20%C3%87im%C9%99rlik&query_place_id=ChIJqfiLMwBrMEARaaC49zRXBpY"
"","ChIJRfTcBABhMEAR0eyMIlkDyfI","SushiBank","restaurant","","0","","Japanese restaurant","centre","C3XQ+838, Azerbaijan","https://www.google.com/maps/search/?api=1&query=SushiBank&query_place_id=ChIJRfTcBABhMEAR0eyMIlkDyfI"
"","ChIJRXje_VuLMEARpAJyPWtwxpM","PRİME SUSHİ","restaurant","","0","","Sushi restaurant","centre","gözəl MTK, Məmmədli qəs, küç.,7 Əjdər Məlikov, Baku, Azerbaijan","https://www.google.com/maps/search/?api=1&query=PR%C4%B0ME%20SUSH%C4%B0&query_place_id=ChIJRXje_VuLMEARpAJyPWtwxpM"
"","ChIJj0e9UABjMEARVIei-IByfyQ","Taiyo sushi","restaurant","","0","","Chinese restaurant","centre","CXF6+666, Baku, Azerbaijan","https://www.google.com/maps/search/?api=1&query=Taiyo%20sushi&query_place_id=ChIJj0e9UABjMEARVIei-IByfyQ"
"","ChIJJVZhWJaJMEARSr8C7HgNi8o","Sushi bross","restaurant","","0","","Asian restaurant","centre","Binəqədi merkez, Bakı, Azerbaijan","https://www.google.com/maps/search/?api=1&query=Sushi%20bross&query_place_id=ChIJJVZhWJaJMEARSr8C7HgNi8o"
"","ChIJvQ1lub6HMEAR9XEOcTA-ePI","Maguro sushi","restaurant","","0","","Restaurant","centre","CR9V+5GC, Baku, Azerbaijan","https://www.google.com/maps/search/?api=1&query=Maguro%20sushi&query_place_id=ChIJvQ1lub6HMEAR9XEOcTA-ePI"
"","ChIJJTAXQADxMEAR9MPzGOtQxNo","Nar&Balıq Restaurant","restaurant","","0","","Restaurant","Bilgah, Azerbaijan","Bilgah, Azerbaijan","https://www.google.com/maps/search/?api=1&query=Nar%26Bal%C4%B1q%20Restaurant&query_place_id=ChIJJTAXQADxMEAR9MPzGOtQxNo"
"","ChIJT9U0IgDxMEARbW57wisy0y4","Cavidin kababxanası","restaurant","","0","","Restaurant","Bilgah, Azerbaijan","H2JR+FJ7, Bilgah, Azerbaijan","https://www.google.com/maps/search/?api=1&query=Cavidin%20kababxanas%C4%B1&query_place_id=ChIJT9U0IgDxMEARbW57wisy0y4"
"","ChIJse5EDADxMEARP6G0FRv9iqw","Qacqın kabab","restaurant","","0","","Restaurant","Bilgah, Azerbaijan","H2JR+FJ7, Bilgah, Azerbaijan","https://www.google.com/maps/search/?api=1&query=Qacq%C4%B1n%20kabab&query_place_id=ChIJse5EDADxMEARP6G0FRv9iqw"
"","ChIJ7Rgf6LTxMEARVCV0CH3eb9k","LOKMACHO AMBURAN","cafe_coffee","","0","","Cafe","Bilgah, Azerbaijan","H3Q5+8CF, Bakı Dairəvi Yolu, Bilgəh, Azerbaijan","https://www.google.com/maps/search/?api=1&query=LOKMACHO%20AMBURAN&query_place_id=ChIJ7Rgf6LTxMEARVCV0CH3eb9k"
"","ChIJaw_lp0PzMEAR3hy41TEV23E","Ley-Pey","restaurant","","0","","Azerbaijani restaurant","Bilgah, Azerbaijan","Bilgah, Azerbaijan","https://www.google.com/maps/search/?api=1&query=Ley-Pey&query_place_id=ChIJaw_lp0PzMEAR3hy41TEV23E"
"","ChIJR7j_EwDxMEAR9yHsGFwS0g8","Mansurun Kafesi","cafe_coffee","","0","","Coffee shop","Bilgah, Azerbaijan","H3H6+93F, Unnamed Road, Bilgəh, Azerbaijan","https://www.google.com/maps/search/?api=1&query=Mansurun%20Kafesi&query_place_id=ChIJR7j_EwDxMEAR9yHsGFwS0g8"
"","ChIJSeZYAW9fMEARhKlUjlB--uo","Kilo ile kabablar","restaurant","","0","","Restaurant","Mardakan, Azerbaijan","Mardakan 1044, Azerbaijan","https://www.google.com/maps/search/?api=1&query=Kilo%20ile%20kabablar&query_place_id=ChIJSeZYAW9fMEARhKlUjlB--uo"
"","ChIJ-7lda8xfMEARVPnWUKch7bc","Qaranquş Balası Sanatoriyası","restaurant","","0","","Restaurant","Mardakan, Azerbaijan","Qaranquş Balası, Bakı 1044, Azerbaijan","https://www.google.com/maps/search/?api=1&query=Qaranqu%C5%9F%20Balas%C4%B1%20Sanatoriyas%C4%B1&query_place_id=ChIJ-7lda8xfMEARVPnWUKch7bc"
"","ChIJ2buvLYBZMEARHtMcjUqLmgg","BalBadem cafe","restaurant","","0","","Restaurant","Mardakan, Azerbaijan","55, Sahil küç., Mərdəkan, Baku 1044, Azerbaijan","https://www.google.com/maps/search/?api=1&query=BalBadem%20cafe&query_place_id=ChIJ2buvLYBZMEARHtMcjUqLmgg"
"","ChIJL1EZoIaPMEARBsdWF0qZSjw","SULTAN RESTORANI","restaurant","","0","","Restaurant","Novxanı, Azerbaijan","GQJJ+55Q, Novxanı, Azerbaijan","https://www.google.com/maps/search/?api=1&query=SULTAN%20RESTORANI&query_place_id=ChIJL1EZoIaPMEARBsdWF0qZSjw"
"","ChIJey0COQCPMEARCTafA3haq2c","Ponçik Coffee Novxanı","cafe_coffee","","0","","Coffee shop","Novxanı, Azerbaijan","GQPM+95H, Novxanı, Azerbaijan","https://www.google.com/maps/search/?api=1&query=Pon%C3%A7ik%20Coffee%20Novxan%C4%B1&query_place_id=ChIJey0COQCPMEARCTafA3haq2c"
"","ChIJvfjeWACPMEARKEoiEYH3t8o","Novxanı Təndır","quick_bites","","0","","Kebab shop","Novxanı, Azerbaijan","GQFR+W4M, Novxanı, Azerbaijan","https://www.google.com/maps/search/?api=1&query=Novxan%C4%B1%20T%C9%99nd%C4%B1r&query_place_id=ChIJvfjeWACPMEARKEoiEYH3t8o"
"","ChIJi2yGfQDzMEARh5eSBBKwAvo","Elegant mərasim zalı","restaurant","","0","","Restaurant","Nardaran, Azerbaijan","Qaya üstü, Bakı 1039, Azerbaijan","https://www.google.com/maps/search/?api=1&query=Elegant%20m%C9%99rasim%20zal%C4%B1&query_place_id=ChIJi2yGfQDzMEARh5eSBBKwAvo"
"","ChIJdd-rIWvzMEARfsVMQr38CTM",".","restaurant","","0","","Restaurant","Nardaran, Azerbaijan","Nardaran yolu qaya üstü, Bakı 1039, Azerbaijan","https://www.google.com/maps/search/?api=1&query=.&query_place_id=ChIJdd-rIWvzMEARfsVMQr38CTM"
"","ChIJlcT05xfzMEARBwu173cOQHg","CiNaR BaGi","restaurant","","0","","Restaurant","Nardaran, Azerbaijan","HXFQ+H64, Nardaran, Azerbaijan","https://www.google.com/maps/search/?api=1&query=CiNaR%20BaGi&query_place_id=ChIJlcT05xfzMEARBwu173cOQHg"
"","ChIJ69isptzzMEAR6uVj7ss9lk8","Джорабки","restaurant","","0","","Restaurant","Nardaran, Azerbaijan","HXFQ+H64, Nardaran, Azerbaijan","https://www.google.com/maps/search/?api=1&query=%D0%94%D0%B6%D0%BE%D1%80%D0%B0%D0%B1%D0%BA%D0%B8&query_place_id=ChIJ69isptzzMEAR6uVj7ss9lk8"